TransactionID,Timestamp,Amount,Currency,Channel,Location,CustomerID,AccountType,TxFrequency,FraudLabel
T005342,2025-05-23 10:29:56,310.77,USD,POS,UK,C4378,Savings,2,1
T003182,2025-05-19 14:51:32,97.25,EUR,Mobile,SG,C4773,CreditCard,0,1
T002422,2025-07-02 23:20:44,461.56,INR,Online,IN,C8334,Savings,5,1
T007789,2025-08-05 12:49:54,86.36,USD,Mobile,IN,C1847,Savings,2,1
T005986,2025-04-21 23:17:38,695.74,INR,Online,IN,C6965,Savings,4,1
T001529,2025-05-08 23:06:32,230.36,USD,Mobile,US,C6796,Savings,1,1
T009863,2025-05-14 1:24:47,254.51,INR,Online,SG,C9162,CreditCard,2,1
T008914,2025-03-28 15:01:55,53.36,EUR,Online,UK,C4946,Savings,3,1
T002389,2025-08-02 4:54:14,18.4,USD,Online,SG,C1326,Savings,2,1
T003465,2025-04-13 12:59:04,121.89,INR,Online,UK,C8932,Business,1,1
T007089,2025-05-09 3:51:43,690.71,INR,POS,IN,C1923,CreditCard,2,1
T008849,2025-07-04 7:04:56,124.1,GBP,Mobile,IN,C6227,Savings,1,1
T006965,2025-05-25 14:28:23,37.71,INR,Mobile,UK,C3343,Business,2,1
T005128,2025-05-08 0:21:55,297.22,INR,POS,IN,C3181,Savings,3,1
T008399,2025-08-06 15:46:16,84.18,INR,POS,IN,C3016,Savings,4,1
T001971,2025-06-16 12:37:24,616.83,USD,POS,US,C7483,CreditCard,1,1
T004007,2025-06-30 8:21:07,61.89,EUR,Mobile,IN,C2287,Business,1,1
T003203,2025-03-30 21:49:20,43.51,INR,Mobile,IN,C8292,Business,2,1
T005730,2025-03-30 8:23:46,423.34,INR,Online,IN,C9068,Savings,0,1
T007378,2025-05-02 22:42:45,94.11,INR,POS,IN,C7116,Business,3,1
T000217,2025-03-23 20:30:43,275.84,USD,Online,IN,C5215,Business,0,1
T006009,2025-08-29 14:58:38,7.0,USD,POS,AE,C8819,Savings,3,1
T002287,2025-04-28 2:09:09,60.23,INR,Online,SG,C8714,Savings,2,1
T004665,2025-04-27 16:37:40,370.39,INR,Online,IN,C2475,Savings,1,1
T009098,2025-05-27 16:00:04,54.91,INR,POS,IN,C4835,Savings,1,1
T001845,2025-04-19 19:52:07,471.8,USD,Online,IN,C6120,Savings,3,1
T007206,2025-08-13 5:45:19,639.3,INR,Mobile,IN,C6702,Savings,2,1
T005220,2025-05-20 22:11:33,279.85,INR,POS,IN,C2543,Savings,1,1
T005425,2025-07-07 22:18:07,143.62,INR,Wire,IN,C8544,Business,0,1
T006022,2025-05-31 4:46:45,421.56,EUR,ATM,IN,C1916,CreditCard,3,1
T000746,2025-05-22 1:00:22,17.04,INR,Online,UK,C5256,Business,0,1
T001893,2025-07-19 2:47:59,152.24,USD,POS,DE,C4011,Savings,0,1
T000270,2025-08-13 17:22:56,24.19,GBP,POS,SG,C7465,Savings,1,1
T004372,2025-04-10 20:40:14,201.38,INR,Mobile,IN,C3520,Savings,1,1
T000613,2025-07-22 5:53:01,255.5,INR,Mobile,IN,C9263,CreditCard,5,1
T003443,2025-08-01 0:50:06,309.84,USD,Wire,SG,C3292,CreditCard,0,1
T007650,2025-07-24 0:04:31,241.56,INR,Mobile,US,C4056,Savings,2,1
T004335,2025-03-07 15:58:00,582.77,INR,ATM,US,C4915,Savings,4,1
T003096,2025-04-26 10:29:00,201.4,INR,Online,US,C8297,Savings,1,1
T008038,2025-08-15 11:56:39,20.31,INR,Wire,IN,C4121,Savings,2,1
T001125,2025-08-26 13:32:53,58.35,INR,Mobile,US,C5745,Savings,3,1
T009645,2025-08-27 16:01:31,256.83,INR,Mobile,IN,C7211,Savings,2,1
T000435,2025-03-09 2:13:07,101.19,INR,POS,SG,C3925,Savings,2,1
T009552,2025-06-13 4:44:43,105.1,EUR,POS,DE,C6442,Savings,1,1
T005316,2025-06-05 15:19:06,78.63,INR,Mobile,US,C8289,CreditCard,7,1
T005833,2025-07-07 3:51:55,54.71,USD,POS,IN,C6281,Savings,1,1
T002324,2025-05-01 14:39:31,210.44,INR,Online,IN,C1277,Savings,1,1
T005738,2025-04-27 3:46:00,757.16,INR,Online,IN,C5082,Savings,2,1
T007291,2025-06-20 11:36:55,61.9,INR,Mobile,IN,C6292,Savings,1,1
T000369,2025-03-09 23:17:55,478.7,INR,ATM,US,C2619,Savings,6,1
T007718,2025-04-30 4:47:10,185.7,USD,POS,US,C9571,CreditCard,2,1
T003310,2025-07-29 2:00:08,96.17,USD,Online,UK,C3715,Savings,1,1
T002662,2025-08-19 13:23:59,134.18,INR,POS,US,C4436,Savings,2,1
T007238,2025-07-03 15:47:05,278.87,GBP,POS,IN,C6539,Business,0,1
T002188,2025-03-10 14:08:19,24.15,INR,Mobile,IN,C4378,Savings,4,1
T010000,2025-05-14 4:47:04,91.5,USD,Online,US,C4060,Savings,1,1
T000043,2025-06-09 20:36:36,57.59,INR,Mobile,IN,C8594,Savings,0,1
T004651,2025-07-31 13:46:20,487.29,INR,Mobile,AE,C2877,Savings,1,1
T007140,2025-06-01 4:14:02,107.2,INR,Mobile,AE,C5802,Savings,4,1
T003202,2025-06-24 9:25:36,664.43,INR,Mobile,SG,C2742,CreditCard,4,1
T003893,2025-08-24 8:51:52,208.96,USD,POS,IN,C5213,Savings,1,1
T007989,2025-03-26 4:43:08,66.38,EUR,POS,IN,C4632,Savings,3,1
T001968,2025-04-29 10:15:50,211.4,INR,ATM,US,C2226,Savings,2,1
T005578,2025-03-12 13:33:02,1.19,USD,Wire,IN,C5315,Savings,2,1
T008196,2025-06-17 10:17:42,95.45,INR,Online,SG,C7871,Savings,3,1
T006174,2025-07-11 21:31:17,44.3,INR,Mobile,IN,C2548,Business,2,1
T008362,2025-06-23 7:01:36,347.96,INR,Mobile,US,C5414,Savings,2,1
T006957,2025-06-08 1:53:31,343.24,INR,POS,US,C5525,Savings,3,1
T004633,2025-05-22 3:54:32,78.92,USD,Online,DE,C4511,CreditCard,2,1
T000036,2025-05-24 5:08:46,196.0,EUR,ATM,US,C8689,CreditCard,3,1
T002032,2025-06-03 2:57:49,338.78,INR,POS,US,C2176,Business,2,1
T003111,2025-03-23 9:53:42,224.67,INR,Online,IN,C9291,Savings,1,1
T004907,2025-04-22 20:31:49,170.94,GBP,ATM,IN,C8893,Business,3,1
T007019,2025-04-06 19:42:48,641.51,GBP,Online,IN,C8023,CreditCard,3,1
T002270,2025-03-07 7:50:31,81.96,INR,POS,IN,C2191,CreditCard,1,1
T000156,2025-04-04 17:55:43,162.98,INR,Online,UK,C5844,Business,3,1
T002611,2025-04-14 0:39:12,386.34,INR,Online,IN,C1308,Savings,2,1
T005549,2025-07-21 22:55:54,205.47,USD,Online,UK,C7387,CreditCard,2,1
T004637,2025-03-25 3:05:29,94.64,GBP,Mobile,US,C9947,Business,2,1
T008664,2025-06-01 16:51:57,57.76,INR,POS,US,C7931,Savings,2,1
T005735,2025-08-04 12:07:31,343.96,INR,ATM,SG,C6203,Savings,4,1
T003335,2025-03-25 16:49:08,215.96,INR,Mobile,SG,C1738,Business,1,1
T003544,2025-04-24 14:06:39,64.31,INR,ATM,IN,C8386,Business,1,1
T003228,2025-08-11 18:45:09,64.51,GBP,Online,IN,C5569,Savings,2,1
T007619,2025-07-17 21:21:45,757.34,INR,Mobile,SG,C3442,CreditCard,1,1
T006424,2025-07-29 13:01:44,325.24,INR,Mobile,IN,C8869,Savings,3,1
T001227,2025-05-03 4:40:27,71.15,USD,Mobile,IN,C1729,Savings,2,1
T005057,2025-06-29 19:11:10,111.49,INR,ATM,DE,C2633,Savings,3,1
T008367,2025-04-26 2:13:34,169.16,INR,Mobile,IN,C1558,CreditCard,3,1
T005152,2025-05-21 15:38:23,38.51,INR,POS,IN,C8041,Savings,1,1
T007389,2025-04-02 21:51:39,183.7,INR,Online,UK,C8504,Business,1,1
T007049,2025-04-15 22:52:28,490.41,GBP,Online,US,C8259,Savings,2,1
T000005,2025-08-19 20:37:55,96.0,INR,ATM,US,C7140,Savings,2,1
T003823,2025-04-01 10:52:19,510.63,INR,ATM,SG,C1652,Savings,1,1
T002738,2025-03-23 17:16:19,22.46,INR,Mobile,IN,C2198,CreditCard,1,1
T002551,2025-04-28 3:19:31,335.61,INR,ATM,IN,C9268,Business,0,1
T005053,2025-06-21 10:46:05,35.4,INR,Online,US,C8455,Business,0,1
T002497,2025-08-30 6:48:57,312.81,EUR,POS,SG,C8067,Savings,3,1
T008409,2025-07-07 13:57:33,233.01,USD,Online,UK,C1582,CreditCard,1,1
T007021,2025-08-09 1:27:58,249.98,INR,Mobile,UK,C7962,Savings,4,1
T008122,2025-09-01 10:51:58,556.13,INR,POS,IN,C2610,Savings,2,1
T006315,2025-03-26 18:34:22,21.45,INR,Online,IN,C6448,Savings,0,1
T001972,2025-03-21 21:06:00,234.29,INR,Online,IN,C5814,Business,3,1
T000234,2025-08-03 0:23:30,51.08,INR,ATM,IN,C6834,Savings,2,1
T000971,2025-05-10 19:01:25,294.34,INR,Online,US,C4217,Savings,2,1
T002023,2025-03-08 5:03:35,482.74,GBP,ATM,US,C9712,CreditCard,0,1
T000490,2025-07-19 18:54:26,180.59,INR,ATM,IN,C1946,CreditCard,3,1
T004426,2025-06-27 10:33:15,5.44,INR,Online,AE,C4943,Savings,3,1
T009362,2025-03-28 8:39:23,84.27,INR,Online,IN,C7501,Savings,1,1
T002414,2025-08-27 5:40:28,368.69,INR,Online,IN,C7073,Savings,1,1
T006561,2025-06-15 7:43:57,243.44,USD,POS,SG,C6240,Savings,1,1
T007874,2025-08-07 10:11:52,141.21,USD,Mobile,AE,C2821,CreditCard,5,1
T008924,2025-06-13 13:46:05,6.29,USD,Mobile,IN,C6809,Business,2,1
T003661,2025-04-06 19:12:31,384.63,INR,Online,US,C6661,Savings,4,1
T003791,2025-04-24 11:57:23,852.7,INR,Mobile,SG,C5769,Savings,3,1
T003805,2025-07-01 4:32:50,156.3,EUR,ATM,US,C2212,Savings,3,1
T009994,2025-04-05 11:42:47,291.05,INR,Wire,IN,C7409,Savings,1,1
T004219,2025-08-15 17:37:28,67.71,USD,Wire,IN,C7470,Savings,1,1
T003608,2025-07-28 19:33:30,105.9,GBP,Online,DE,C4023,CreditCard,2,1
T007752,2025-05-29 22:46:01,2.82,GBP,POS,IN,C7679,Savings,3,1
T009139,2025-03-21 2:58:05,132.02,INR,Mobile,IN,C6166,CreditCard,2,1
T002205,2025-08-20 11:46:32,353.83,INR,ATM,IN,C7966,Business,2,1
T006252,2025-04-30 17:26:30,197.15,USD,Mobile,DE,C5177,Savings,2,1
T005451,2025-04-04 13:59:26,190.47,INR,ATM,IN,C7895,CreditCard,3,1
T000160,2025-06-03 23:55:39,384.97,INR,POS,US,C8995,Business,1,1
T007418,2025-05-20 10:27:11,87.51,INR,POS,DE,C2153,Savings,5,1
T003008,2025-08-04 18:50:28,440.04,USD,POS,IN,C1424,Business,4,1
T002503,2025-07-15 14:08:47,267.7,EUR,ATM,DE,C9279,CreditCard,0,1
T000188,2025-04-05 11:34:13,18.75,INR,Online,US,C6875,CreditCard,0,1
T005157,2025-08-22 12:00:11,133.33,INR,Online,US,C8089,CreditCard,2,1
T002664,2025-05-22 7:55:38,64.27,EUR,ATM,IN,C2720,Business,2,1
T010000,2025-05-14 4:47:04,91.5,USD,Online,US,C4060,Savings,1,1
T007671,2025-04-25 6:56:40,100.13,INR,POS,IN,C8291,Business,4,1
T007014,2025-06-13 4:05:52,22.33,INR,Online,AE,C5080,Business,1,1
T002887,2025-05-19 10:00:53,44.75,INR,Online,US,C1757,Savings,1,1
T008801,2025-09-01 15:57:04,545.45,INR,Mobile,DE,C8101,Savings,0,1
T007786,2025-03-13 10:09:53,95.44,INR,ATM,IN,C5158,Business,2,1
T004117,2025-05-03 16:20:14,457.48,INR,POS,IN,C2744,Business,3,1
T004427,2025-04-27 5:54:33,4.77,INR,Wire,IN,C1682,Savings,3,1
T000999,2025-06-25 19:47:19,271.9,INR,POS,SG,C7988,Savings,2,1
T003827,2025-05-03 4:21:47,546.78,USD,POS,US,C6240,Business,2,1
T008742,2025-07-30 13:55:20,163.54,GBP,Online,IN,C7600,Savings,1,1
T000787,2025-03-29 9:23:30,127.58,USD,POS,UK,C3473,Savings,1,1
T004164,2025-04-12 13:12:53,96.4,INR,Mobile,IN,C3415,Business,1,1
T004317,2025-04-16 4:14:38,148.99,INR,POS,IN,C5468,Business,3,1
T009736,2025-03-17 8:09:52,243.02,INR,Mobile,IN,C2282,Savings,1,1
T007735,2025-06-26 19:48:54,127.14,EUR,Online,IN,C4871,Business,3,1
T005576,2025-08-01 21:12:57,508.88,EUR,POS,IN,C8601,Savings,4,1
T004458,2025-03-10 20:01:30,381.52,INR,Mobile,US,C2743,Business,2,1
T005924,2025-06-23 20:38:54,63.63,INR,Mobile,UK,C5871,Business,4,1
T007135,2025-07-20 7:26:42,171.77,INR,POS,US,C2071,Savings,6,1
T000197,2025-08-28 6:29:36,469.29,INR,Online,US,C2340,Savings,1,1
T007254,2025-03-14 19:03:24,300.05,EUR,Mobile,SG,C9208,CreditCard,1,1
T007486,2025-03-11 9:42:41,113.24,INR,Online,DE,C7873,Savings,0,1
T006270,2025-07-07 6:58:22,164.56,USD,Mobile,IN,C4121,Savings,4,1
T007090,2025-04-25 9:22:23,214.44,USD,Mobile,IN,C8057,Business,1,1
T000836,2025-04-19 1:18:23,209.31,GBP,Mobile,US,C5041,Savings,0,1
T003192,2025-08-24 9:48:47,96.17,USD,Mobile,US,C7033,Savings,0,1
T002383,2025-08-19 17:09:12,21.44,INR,Mobile,IN,C3921,Savings,0,1
T009862,2025-05-07 14:42:41,27.61,INR,Mobile,IN,C9227,Savings,1,1
T007730,2025-08-13 16:39:26,69.06,INR,POS,IN,C8209,CreditCard,1,1
T001888,2025-03-17 13:44:02,552.71,USD,POS,IN,C1709,CreditCard,1,1
T006062,2025-03-17 4:02:53,435.51,INR,Online,IN,C4276,Savings,3,1
T001811,2025-04-26 9:34:20,14.24,GBP,ATM,IN,C9525,Savings,1,1
T000658,2025-08-27 20:17:44,304.84,INR,POS,US,C2142,Savings,2,1
T009384,2025-04-17 9:24:48,81.5,INR,Mobile,IN,C8805,Savings,0,1
T006885,2025-06-08 12:19:23,13.06,USD,Online,AE,C7985,Savings,3,1
T001167,2025-08-02 5:05:11,4.73,INR,Online,US,C2628,CreditCard,1,1
T006446,2025-04-08 20:43:57,197.45,INR,Mobile,SG,C1149,CreditCard,2,1
T006428,2025-05-27 15:35:42,335.92,USD,Online,IN,C4847,Savings,2,1
T008827,2025-05-18 8:54:57,10.8,USD,ATM,IN,C2484,Business,1,1
T003377,2025-03-27 19:01:39,119.65,INR,Mobile,IN,C7588,Savings,4,1
T005236,2025-07-01 7:01:46,358.66,INR,Online,US,C6163,Savings,2,1
T004315,2025-03-11 20:16:36,94.36,INR,Online,UK,C5799,Business,4,1
T002537,2025-08-08 22:34:14,36.07,INR,POS,IN,C4430,Savings,4,1
T007558,2025-07-01 23:47:28,32.04,INR,Online,IN,C9507,Business,5,1
T003011,2025-09-02 19:19:17,60.19,USD,Mobile,IN,C3601,Business,1,1
T007842,2025-04-25 11:44:24,170.53,EUR,Mobile,IN,C5119,Savings,2,1
T003154,2025-05-02 14:38:33,493.38,INR,Online,AE,C5033,Business,0,1
T002068,2025-05-08 8:59:26,19.15,GBP,Mobile,UK,C1385,CreditCard,2,1
T009931,2025-07-12 17:34:35,158.05,GBP,ATM,IN,C7163,Savings,2,1
T003961,2025-06-19 13:36:43,32.94,GBP,Online,IN,C7689,Business,1,1
T004469,2025-06-04 17:24:30,242.63,INR,Mobile,IN,C6419,Savings,1,1
T002870,2025-05-21 12:52:53,29.87,GBP,Mobile,IN,C2286,Savings,1,1
T009939,2025-05-31 4:39:38,18.82,EUR,POS,IN,C2015,CreditCard,2,1
T001414,2025-07-08 22:59:08,181.87,GBP,POS,IN,C4006,Business,3,1
T004172,2025-03-26 5:38:39,14.45,USD,POS,IN,C1505,Savings,1,1
T003107,2025-04-08 22:18:56,266.12,INR,Online,US,C9905,Savings,4,1
T000808,2025-06-23 16:12:49,22.87,INR,ATM,UK,C8453,CreditCard,3,1
T004066,2025-04-12 14:36:06,49.66,INR,Mobile,DE,C1376,Savings,2,1
T001643,2025-07-17 8:28:01,271.15,INR,Online,IN,C1179,Savings,2,1
T004917,2025-03-24 1:04:43,216.51,INR,Mobile,AE,C3802,CreditCard,4,1
T009404,2025-04-13 8:12:07,539.61,INR,Mobile,UK,C2167,Business,1,1
T007826,2025-08-25 21:35:53,317.23,INR,Mobile,IN,C4773,Savings,6,1
T007108,2025-07-07 23:55:42,103.48,INR,Online,US,C5019,Savings,1,1
T008386,2025-07-26 15:59:00,482.42,EUR,Mobile,IN,C9157,Savings,3,1
T008937,2025-08-27 14:17:50,148.82,GBP,ATM,UK,C9965,Business,1,1
T009239,2025-04-11 10:22:22,119.28,INR,ATM,US,C3741,CreditCard,4,1
T009470,2025-05-16 7:58:06,203.35,INR,ATM,IN,C6755,CreditCard,1,1
T009249,2025-05-09 7:18:29,404.2,INR,POS,UK,C5863,Savings,1,1
T001678,2025-07-10 13:44:25,29.76,GBP,ATM,US,C2913,Savings,1,1
T004230,2025-09-01 22:50:08,281.68,GBP,POS,IN,C1305,Savings,3,1
T005347,2025-08-15 21:37:51,16.45,EUR,Mobile,IN,C8444,Savings,0,1
T001448,2025-08-25 4:15:27,101.13,INR,POS,IN,C6671,Savings,4,1
T000691,2025-04-20 23:38:27,48.46,USD,Online,IN,C3942,Savings,2,1
T002188,2025-03-10 14:08:19,24.15,INR,Mobile,IN,C4378,Savings,4,1
T002042,2025-08-07 8:00:17,114.54,INR,Online,IN,C2213,Savings,2,1
T000836,2025-04-19 1:18:23,209.31,GBP,Mobile,US,C5041,Savings,0,1
T009021,2025-06-22 6:44:08,189.99,EUR,Online,US,C9324,Savings,2,1
T005377,2025-06-20 8:05:02,22.86,USD,POS,IN,C5213,Savings,2,1
T007212,2025-05-05 1:18:56,206.93,INR,Mobile,IN,C1236,Business,1,1
T002275,2025-04-11 16:24:43,308.29,INR,Wire,IN,C6305,Savings,2,1
T001853,2025-06-16 11:43:55,6.1,INR,Online,AE,C2668,CreditCard,1,1
T008763,2025-07-26 6:46:48,39.84,USD,ATM,IN,C4609,Business,1,1
T008682,2025-05-10 6:17:01,34.15,INR,Mobile,US,C6052,Business,2,1
T007734,2025-07-18 7:19:27,238.46,EUR,POS,SG,C9955,Savings,1,1
T002094,2025-05-15 14:47:58,300.41,USD,Mobile,IN,C9636,CreditCard,0,1
T009582,2025-08-14 16:59:35,161.41,INR,Online,UK,C5639,Savings,2,1
T005903,2025-08-23 1:03:56,185.75,INR,Mobile,SG,C2952,CreditCard,4,1
T007809,2025-06-21 21:52:31,188.01,GBP,POS,US,C9967,CreditCard,0,1
T007845,2025-08-29 11:26:42,24.89,INR,ATM,IN,C7837,Savings,2,1
T000902,2025-04-28 11:54:30,170.26,USD,Mobile,UK,C9863,Savings,1,1
T006319,2025-05-24 15:16:08,138.86,GBP,Online,IN,C7630,Savings,0,1
T001042,2025-07-16 7:51:14,277.62,INR,Online,DE,C6139,Business,2,1
T004690,2025-03-24 12:56:54,81.2,INR,Online,IN,C8518,Savings,3,1
T008159,2025-06-17 18:03:17,25.72,EUR,Wire,IN,C8860,Savings,1,1
T003587,2025-07-24 10:08:01,294.66,GBP,Online,IN,C3890,Savings,2,1
T007302,2025-06-18 1:09:30,15.69,INR,Online,SG,C8703,CreditCard,0,1
T005108,2025-03-29 5:15:27,32.04,INR,Online,UK,C2136,CreditCard,1,1
T006853,2025-03-19 3:47:53,29.42,USD,POS,DE,C2693,Savings,3,1
T005469,2025-03-18 6:19:16,97.95,INR,POS,SG,C3551,Savings,1,1
T003966,2025-08-02 6:44:29,481.7,EUR,Mobile,US,C2076,CreditCard,1,1
T008428,2025-06-21 22:04:12,79.75,INR,POS,IN,C5976,Savings,2,1
T000796,2025-07-05 8:38:51,394.43,INR,Mobile,IN,C3748,Business,7,1
T000240,2025-05-16 12:49:27,144.66,INR,POS,IN,C9602,Savings,1,1
T000011,2025-05-11 20:20:33,136.39,EUR,Online,SG,C1602,CreditCard,0,1
T005852,2025-07-18 5:30:14,515.95,USD,ATM,SG,C6300,Business,1,1
T008504,2025-07-06 16:07:48,94.52,USD,Online,US,C8094,Savings,2,1
T006158,2025-05-18 20:01:42,24.06,INR,Online,US,C5299,Savings,2,1
T005016,2025-05-07 18:41:37,52.91,INR,Wire,IN,C8884,Business,0,1
T009001,2025-06-06 9:31:58,107.35,USD,Online,IN,C3368,Savings,3,1
T003386,2025-05-07 14:15:51,222.42,INR,POS,US,C7751,Business,2,1
T004215,2025-06-22 1:54:42,125.45,INR,Mobile,SG,C5131,Savings,2,1
T002101,2025-04-21 7:40:34,270.09,USD,ATM,IN,C8115,Savings,1,1
T001900,2025-03-23 1:17:10,25.13,INR,Wire,IN,C9525,Savings,2,1
T008004,2025-08-05 10:07:33,245.53,INR,POS,IN,C4615,Savings,2,1
T009988,2025-04-19 6:58:48,272.48,USD,POS,IN,C4606,Savings,1,1
T009834,2025-05-09 23:25:34,102.31,GBP,ATM,US,C6129,Savings,0,1
T003315,2025-06-27 7:23:26,137.48,INR,POS,SG,C9663,Savings,2,1
T005257,2025-07-30 8:04:27,280.25,INR,Online,SG,C3375,CreditCard,3,1
T005066,2025-04-11 20:21:06,390.36,USD,Wire,IN,C6090,Business,0,1
T002872,2025-07-15 22:56:31,22.75,USD,Online,IN,C9622,Savings,0,1
T004195,2025-04-22 8:18:06,360.62,INR,POS,IN,C9919,Savings,1,1
T003258,2025-06-03 6:44:00,922.71,USD,Mobile,US,C9347,Savings,0,1
T006732,2025-07-03 16:03:00,302.01,INR,Online,US,C3822,Business,1,1
T005542,2025-07-20 3:27:16,758.84,USD,Online,IN,C8225,CreditCard,4,1
T009482,2025-05-29 9:51:13,191.4,INR,Online,US,C9127,Savings,2,1
T005530,2025-08-19 1:35:41,7.71,INR,POS,SG,C8288,Business,2,1
T004418,2025-06-25 5:51:16,91.93,INR,Mobile,US,C2167,Business,4,1
T005688,2025-06-12 21:34:44,324.54,INR,ATM,DE,C2679,Savings,1,1
T001118,2025-07-22 23:17:43,116.92,INR,Online,IN,C7955,Business,1,1
T006196,2025-07-27 3:27:52,221.69,INR,Online,SG,C9611,Savings,0,1
T007867,2025-05-04 10:23:00,142.28,INR,ATM,UK,C7077,Savings,3,1
T009773,2025-03-11 23:08:58,43.01,USD,ATM,AE,C9973,Business,5,1
T005261,2025-07-20 5:45:25,15.97,USD,Online,IN,C5334,Savings,3,1
T005511,2025-08-14 17:57:50,52.24,INR,POS,IN,C2191,Business,1,1
T004464,2025-04-24 9:59:44,204.62,INR,ATM,US,C1369,CreditCard,2,1
T006327,2025-04-28 18:54:35,1370.15,GBP,Online,IN,C2207,Savings,2,1
T009473,2025-05-06 0:22:30,313.53,USD,Online,US,C2813,Savings,4,1
T005970,2025-03-27 16:07:08,93.16,INR,POS,IN,C1029,Savings,5,1
T009598,2025-06-28 19:45:39,69.61,INR,Online,IN,C4704,CreditCard,2,1
T002372,2025-06-05 18:07:36,86.08,INR,Online,SG,C7660,Savings,3,1
T007900,2025-04-29 20:10:51,139.7,USD,Online,IN,C6210,Business,1,1
T001713,2025-03-21 22:07:48,327.84,USD,Wire,IN,C8675,Savings,1,1
T001400,2025-05-25 18:06:08,196.69,INR,Online,US,C2415,Savings,1,1
T007584,2025-07-22 10:30:45,81.46,INR,POS,SG,C3467,Business,0,1
T002155,2025-06-21 16:44:16,70.94,INR,Mobile,IN,C3789,CreditCard,2,1
T004885,2025-05-15 22:03:26,15.5,USD,ATM,US,C1754,Business,2,1
T000903,2025-08-13 16:55:56,135.17,INR,ATM,DE,C1407,Savings,1,1
T000412,2025-07-25 0:05:56,359.38,INR,POS,IN,C1027,Savings,3,1
T003093,2025-08-07 19:04:00,71.02,INR,Wire,IN,C2878,Savings,3,1
T009499,2025-03-10 5:20:59,144.53,EUR,POS,US,C3117,CreditCard,1,1
T008182,2025-05-06 3:33:17,5.24,GBP,ATM,US,C8277,Savings,2,1
T000322,2025-06-07 16:05:16,115.4,INR,Mobile,IN,C7603,Savings,2,1
T001114,2025-03-28 15:43:57,371.92,INR,Mobile,DE,C7605,CreditCard,0,1
T004843,2025-07-07 3:58:31,59.54,GBP,ATM,IN,C4434,CreditCard,3,1
T003464,2025-07-11 23:40:37,141.14,INR,Mobile,IN,C9387,Business,2,1
T002901,2025-08-13 21:03:09,431.61,INR,POS,US,C5795,Savings,1,1
T007109,2025-07-02 4:44:09,178.64,INR,Online,IN,C9436,Savings,2,1
T006834,2025-06-15 22:33:09,180.82,INR,ATM,US,C6345,Savings,1,1
T006360,2025-07-02 5:35:34,189.18,EUR,POS,IN,C6033,Savings,3,1
T003321,2025-07-12 8:15:22,433.56,INR,ATM,IN,C7843,Savings,5,1
T007989,2025-03-26 4:43:08,66.38,EUR,POS,IN,C4632,Savings,3,1
T004193,2025-03-13 23:05:29,236.15,INR,POS,IN,C7324,Business,1,1
T005084,2025-05-03 17:30:41,229.83,USD,POS,IN,C7719,Business,5,1
T003610,2025-04-30 6:38:29,462.11,EUR,Online,IN,C8603,Savings,4,1
T009777,2025-04-28 9:53:39,104.5,INR,Mobile,IN,C5644,Business,2,1
T005441,2025-05-30 12:00:41,123.87,INR,Mobile,SG,C8184,CreditCard,0,1
T005522,2025-08-30 14:22:44,98.75,INR,POS,SG,C9599,CreditCard,4,1
T004833,2025-04-11 20:33:34,152.09,INR,POS,US,C6493,Savings,3,1
T000873,2025-08-22 14:44:14,4.14,INR,ATM,UK,C1224,Savings,2,1
T001236,2025-07-27 6:35:12,52.67,INR,Mobile,US,C4686,Savings,3,1
T008923,2025-05-12 10:30:53,229.36,INR,ATM,IN,C5133,CreditCard,2,1
T003177,2025-07-25 6:36:37,1025.98,EUR,ATM,US,C5633,Business,1,1
T001666,2025-03-22 8:58:58,346.27,INR,POS,IN,C2238,Savings,0,1
T006513,2025-06-29 5:09:58,37.64,INR,Online,IN,C2611,Savings,1,1
T002780,2025-08-01 8:20:09,59.4,INR,POS,IN,C2167,Savings,1,1
T003808,2025-06-03 22:13:48,341.54,INR,POS,IN,C4799,Business,3,1
T003291,2025-07-06 12:41:57,551.06,INR,ATM,IN,C5441,Business,2,1
T005058,2025-05-13 8:42:20,518.01,GBP,POS,IN,C2286,Savings,3,1
T006738,2025-05-21 4:50:43,237.63,USD,Online,IN,C3210,Savings,3,1
T009732,2025-06-04 19:21:15,359.52,INR,Online,SG,C5947,Business,2,1
T005210,2025-06-06 7:05:30,308.34,USD,Mobile,UK,C7043,Savings,1,1
T003571,2025-05-13 16:42:06,25.18,USD,Online,US,C1383,CreditCard,4,1
T009622,2025-07-27 6:07:49,4.95,INR,POS,AE,C6655,Business,3,1
T004728,2025-08-13 1:05:11,68.8,USD,POS,DE,C3403,CreditCard,1,1
T002498,2025-05-24 7:00:37,174.35,EUR,POS,IN,C5261,Savings,5,1
T009672,2025-07-15 21:21:34,45.16,GBP,Online,IN,C2788,Savings,1,1
T007045,2025-08-30 21:13:27,13.35,INR,Mobile,AE,C8316,Savings,2,1
T007602,2025-04-24 21:57:04,315.64,INR,ATM,AE,C9109,Savings,3,1
T002101,2025-04-21 7:40:34,270.09,USD,ATM,IN,C8115,Savings,1,1
T008568,2025-03-27 6:36:39,858.57,INR,Online,IN,C4266,Savings,5,1
T000044,2025-07-24 1:24:17,25.93,INR,Wire,IN,C3277,Business,2,1
T006030,2025-08-09 22:59:51,2.29,INR,POS,SG,C1679,Business,0,1
T006003,2025-07-19 2:26:28,32.16,INR,Online,UK,C2262,Business,1,1
T009292,2025-08-04 16:01:00,186.61,EUR,ATM,IN,C7335,CreditCard,2,1
T001956,2025-03-22 8:11:13,114.86,EUR,POS,IN,C6623,Savings,0,1
T008893,2025-07-05 7:23:16,51.71,GBP,Online,UK,C6146,Savings,1,1
T004564,2025-05-28 3:27:09,169.1,INR,Online,IN,C3323,Savings,2,1
T001494,2025-08-24 6:52:01,123.14,GBP,ATM,IN,C1249,Business,1,1
T002088,2025-07-21 13:27:04,57.68,INR,ATM,IN,C8363,Savings,2,1
T001213,2025-06-14 12:46:00,82.27,INR,Wire,SG,C4597,Savings,0,1
T004889,2025-05-21 12:03:09,24.17,INR,Online,IN,C2444,Business,0,1
T000437,2025-03-18 17:06:08,87.07,INR,POS,UK,C8163,Savings,1,1
T008084,2025-05-12 0:52:07,3.58,INR,ATM,IN,C3365,Savings,0,1
T006579,2025-06-04 19:24:53,44.05,USD,Online,SG,C3682,Savings,3,1
T002236,2025-06-03 23:46:49,35.25,INR,POS,US,C7754,Savings,0,1
T007982,2025-06-05 4:15:00,191.08,INR,Online,SG,C9582,Savings,2,1
T002312,2025-05-24 19:22:52,91.32,INR,Wire,IN,C2165,Savings,1,1
T000090,2025-06-15 4:53:44,80.98,INR,Online,IN,C7799,Business,0,1
T005560,2025-06-16 13:32:03,67.53,INR,Online,IN,C8891,CreditCard,1,1
T008159,2025-06-17 18:03:17,25.72,EUR,Wire,IN,C8860,Savings,1,1
T006238,2025-03-17 16:45:55,51.87,INR,POS,UK,C4985,CreditCard,1,1
T008902,2025-05-13 12:19:08,171.24,INR,Wire,DE,C6334,CreditCard,0,1
T002764,2025-05-07 0:54:04,329.92,EUR,Online,SG,C9296,Business,0,1
T003571,2025-05-13 16:42:06,25.18,USD,Online,US,C1383,CreditCard,4,1
T000215,2025-03-25 10:46:18,24.08,INR,Online,US,C4411,Savings,1,1
T008137,2025-08-04 11:04:18,84.86,GBP,POS,IN,C2360,Savings,3,1
T001577,2025-03-22 4:39:04,337.13,EUR,POS,IN,C3509,Savings,2,1
T009033,2025-03-30 15:03:06,499.52,EUR,Online,SG,C8588,Business,2,1
T000582,2025-08-06 7:34:56,478.76,INR,Mobile,IN,C7470,Savings,1,1
T001657,2025-03-09 15:53:55,2.21,EUR,Mobile,US,C6089,CreditCard,0,1
T004140,2025-08-28 22:44:19,394.2,USD,Mobile,US,C6888,Savings,1,1
T001141,2025-06-29 0:27:55,51.12,USD,POS,US,C2389,Savings,0,1
T009364,2025-04-11 15:28:11,191.11,USD,Mobile,SG,C8501,CreditCard,1,1
T003713,2025-05-30 6:03:42,242.87,INR,Mobile,IN,C7976,Savings,4,1
T006685,2025-05-16 5:05:19,114.84,USD,Online,IN,C5051,CreditCard,2,1
T005363,2025-05-17 7:49:56,59.71,USD,Mobile,IN,C7170,Savings,3,1
T005304,2025-05-26 18:57:29,108.51,INR,Mobile,UK,C3850,Business,4,1
T004771,2025-07-25 13:05:01,222.99,GBP,Online,IN,C8810,Savings,4,1
T007541,2025-08-05 4:21:50,86.12,USD,Online,IN,C2634,CreditCard,0,1
T008373,2025-06-19 8:31:38,157.31,INR,POS,US,C7492,Business,1,1
T001583,2025-04-10 7:59:32,301.97,INR,Mobile,AE,C5438,Savings,2,1
T003915,2025-06-20 6:36:56,417.69,GBP,ATM,AE,C2285,Savings,1,1
T009981,2025-08-27 16:42:39,311.5,GBP,Online,UK,C8495,Savings,2,1
T008368,2025-07-03 18:05:44,49.05,INR,Wire,US,C2877,Business,2,1
T002697,2025-06-21 12:01:50,406.65,INR,ATM,US,C9844,Savings,3,1
T006657,2025-05-21 23:23:31,25.81,EUR,Mobile,IN,C9851,Savings,4,1
T004398,2025-08-04 16:18:36,256.38,INR,Online,DE,C2148,Business,2,1
T007526,2025-08-17 1:19:05,197.43,INR,ATM,US,C1190,Business,1,1
T001440,2025-07-06 1:56:38,443.9,INR,POS,IN,C4700,Savings,2,1
T005610,2025-05-13 9:55:20,292.56,USD,Wire,IN,C5872,Savings,0,1
T003463,2025-04-13 10:56:05,22.12,EUR,POS,IN,C2876,Business,0,1
T008104,2025-09-01 5:01:17,189.87,INR,ATM,UK,C6701,Savings,0,1
T000153,2025-03-11 2:42:46,327.52,INR,Wire,AE,C8978,Business,2,1
T000449,2025-07-12 10:11:54,117.75,INR,Online,US,C8840,Business,2,1
T004254,2025-07-20 4:02:04,114.39,INR,POS,UK,C9971,Business,3,1
T006410,2025-06-23 12:05:52,89.76,USD,POS,UK,C2088,Savings,3,1
T004871,2025-07-19 17:43:21,17.54,INR,POS,SG,C8574,Business,1,1
T002534,2025-07-03 17:06:48,549.53,INR,POS,UK,C7652,CreditCard,1,1
T008963,2025-03-28 12:17:21,301.69,INR,POS,IN,C9064,Business,2,1
T000169,2025-04-07 14:05:56,94.78,USD,Online,IN,C4528,Savings,3,1
T003969,2025-08-08 16:14:20,87.51,INR,Online,IN,C8773,Business,3,1
T002524,2025-07-07 11:33:41,101.93,INR,Online,IN,C7093,Business,2,1
T008603,2025-03-29 11:16:57,185.74,USD,Online,AE,C1765,Savings,1,1
T006893,2025-06-07 21:34:50,260.0,INR,POS,SG,C6427,Savings,2,1
T007047,2025-06-19 18:49:05,214.55,INR,Online,US,C3455,Business,3,1
T000964,2025-08-26 9:18:57,200.17,INR,Mobile,UK,C9030,Business,2,1
T001815,2025-08-19 21:15:41,330.08,INR,Online,IN,C1170,Savings,2,1
T003431,2025-07-02 0:37:09,451.88,USD,ATM,IN,C6647,Business,4,1
T009954,2025-05-20 23:49:52,12.23,EUR,Wire,IN,C5079,Savings,0,1
T004696,2025-03-22 6:20:02,342.02,INR,Online,IN,C7614,Savings,0,1
T003507,2025-05-04 5:40:28,154.68,EUR,ATM,IN,C3885,CreditCard,2,1
T000848,2025-06-22 4:36:51,282.65,EUR,Online,US,C8921,Savings,0,1
T005988,2025-06-18 19:10:10,486.68,INR,POS,SG,C8690,Business,1,1
T009979,2025-07-15 6:11:27,248.97,USD,Online,IN,C3385,Business,0,1
T006043,2025-05-10 15:13:26,137.34,EUR,POS,US,C7174,Business,4,1
T003438,2025-03-13 21:28:04,151.73,INR,POS,SG,C7706,Savings,0,1
T007882,2025-03-09 20:44:21,160.52,INR,Online,US,C8746,Business,4,1
T002984,2025-03-09 16:03:57,28.49,INR,Online,SG,C9575,Savings,1,1
T003282,2025-07-02 4:00:18,406.14,USD,Online,IN,C9229,Savings,3,1
T002110,2025-04-03 23:06:29,62.83,INR,Wire,IN,C2577,Business,2,1
T009150,2025-08-28 6:58:50,329.5,INR,POS,UK,C4903,Business,3,1
T007607,2025-04-28 22:38:22,149.02,EUR,Online,AE,C7960,Savings,0,1
T006143,2025-08-16 2:12:40,32.78,INR,Online,IN,C3504,Savings,2,1
T009815,2025-08-07 21:29:11,217.4,USD,Mobile,DE,C2534,Savings,2,1
T008293,2025-07-25 10:14:46,160.8,EUR,POS,UK,C5374,Savings,0,1
T000136,2025-03-22 13:24:45,390.47,USD,ATM,IN,C7017,Savings,4,1
T004268,2025-06-01 16:45:10,1.12,INR,Mobile,US,C6409,CreditCard,1,1
T006555,2025-06-18 18:35:45,45.04,INR,Online,IN,C3060,Business,5,1
T000894,2025-03-14 20:20:27,344.65,USD,Mobile,IN,C5517,Business,4,1
T005444,2025-03-11 13:43:40,230.71,INR,ATM,UK,C6084,Business,1,1
T008012,2025-03-13 21:51:14,327.28,INR,POS,IN,C2522,Savings,1,1
T008763,2025-07-26 6:46:48,39.84,USD,ATM,IN,C4609,Business,1,1
T008756,2025-06-27 4:49:39,2.97,INR,POS,IN,C9204,Savings,3,1
T005544,2025-08-27 17:07:33,220.88,INR,Mobile,SG,C3065,Savings,2,1
T000707,2025-07-10 21:19:12,256.85,INR,Mobile,SG,C1370,Savings,1,1
T003377,2025-03-27 19:01:39,119.65,INR,Mobile,IN,C7588,Savings,4,1
T009632,2025-04-13 9:40:58,58.32,INR,POS,IN,C1901,Savings,2,1
T004943,2025-07-05 4:18:59,73.59,INR,Online,US,C4992,Business,1,1
T008535,2025-07-22 18:40:25,294.63,INR,ATM,IN,C4172,Savings,1,1
T008123,2025-03-28 6:17:26,49.92,INR,POS,UK,C2509,Business,3,1
T005285,2025-06-09 21:31:39,281.71,INR,POS,US,C6924,CreditCard,1,1
T000024,2025-06-27 11:19:04,48.03,INR,Wire,SG,C9668,Savings,1,1
T003734,2025-03-16 7:56:02,214.14,USD,Online,US,C2386,CreditCard,4,1
T002793,2025-05-24 20:41:10,20.52,INR,Wire,IN,C3021,Savings,2,1
T009350,2025-07-28 4:27:09,159.55,INR,POS,SG,C8305,Savings,3,1
T006369,2025-07-24 2:45:47,429.9,INR,Online,IN,C1388,Savings,3,1
T009753,2025-08-28 13:34:21,72.99,INR,Online,SG,C6072,Business,3,1
T006705,2025-06-05 11:19:44,75.47,INR,ATM,US,C9400,Savings,1,1
T000401,2025-05-25 10:58:26,45.54,INR,Wire,IN,C8551,Business,2,1
T005973,2025-05-15 17:13:11,98.3,EUR,ATM,DE,C4411,Savings,2,1
T008068,2025-03-15 11:25:50,451.9,INR,Mobile,IN,C1740,Business,4,1
T005571,2025-09-01 12:37:15,524.04,INR,ATM,IN,C2623,Savings,2,1
T007608,2025-04-02 17:50:22,18.79,INR,Online,US,C4673,Savings,2,1
T001935,2025-07-31 10:08:33,0.46,EUR,Mobile,IN,C7788,Savings,2,1
T002051,2025-06-21 5:50:44,285.68,INR,Online,IN,C6215,CreditCard,1,1
T000997,2025-08-07 13:03:15,21.76,EUR,Mobile,IN,C9671,Business,3,1
T003549,2025-06-04 1:53:22,248.37,USD,Online,US,C7984,Savings,2,1
T007690,2025-03-30 5:40:23,425.9,USD,Mobile,IN,C4573,Savings,2,1
T006807,2025-04-07 4:49:32,363.92,INR,Online,IN,C9186,CreditCard,2,1
T000612,2025-04-28 18:01:32,237.71,INR,Online,IN,C8255,CreditCard,1,1
T001454,2025-08-18 17:33:48,11.03,INR,Mobile,UK,C8571,Savings,2,1
T000340,2025-05-12 12:24:54,337.75,INR,Mobile,IN,C6370,Savings,3,1
T000553,2025-04-22 13:58:08,23.89,USD,Mobile,US,C9166,CreditCard,1,1
T009342,2025-07-28 3:52:43,364.04,INR,POS,IN,C8799,Business,0,1
T003072,2025-08-27 19:06:48,18.55,INR,Mobile,IN,C4362,Savings,0,1
T009831,2025-05-19 18:12:31,126.81,INR,ATM,SG,C6452,Savings,2,1
T006341,2025-08-26 8:06:25,392.88,USD,ATM,SG,C4173,Savings,1,1
T005837,2025-03-29 9:36:10,500.75,INR,ATM,US,C9255,Business,3,1
T007148,2025-07-21 3:50:13,189.69,USD,Mobile,AE,C1705,Business,7,1
T001438,2025-08-21 22:35:27,233.56,INR,POS,SG,C2002,Savings,3,1
T005898,2025-07-27 4:14:31,179.47,INR,Mobile,US,C7455,Savings,2,1
T009142,2025-07-02 9:41:03,26.51,INR,ATM,UK,C4586,CreditCard,0,1
T007182,2025-05-04 21:39:20,430.14,EUR,Mobile,SG,C6029,Savings,3,1
T002078,2025-07-29 7:07:48,10.41,GBP,Mobile,UK,C2447,Savings,2,1
T004630,2025-07-11 15:27:11,258.99,INR,Online,US,C8487,CreditCard,3,1
T002220,2025-08-15 14:47:33,20.49,EUR,Online,US,C8583,Savings,2,1
T001940,2025-04-10 23:58:11,171.39,EUR,Online,IN,C7719,Business,1,1
T003296,2025-06-09 16:20:46,10.79,USD,Online,DE,C5903,CreditCard,1,1
T008227,2025-09-03 3:14:05,58.47,GBP,ATM,US,C3860,Savings,4,1
T005199,2025-04-20 1:25:07,927.05,USD,Mobile,IN,C7361,Savings,1,1
T004258,2025-04-29 5:40:53,7.32,INR,Mobile,IN,C2850,Savings,3,1
T005060,2025-03-23 6:50:26,90.73,USD,POS,IN,C8461,Savings,1,1
T005937,2025-04-15 9:50:28,483.43,INR,Online,IN,C7782,Business,2,1
T006064,2025-06-18 1:13:00,90.51,INR,POS,IN,C3788,Savings,1,1
T000632,2025-07-17 5:02:11,242.89,GBP,POS,UK,C8157,Savings,0,1
T006230,2025-05-25 21:45:37,38.27,INR,POS,SG,C7777,Business,2,1
T002933,2025-07-10 10:00:40,200.02,INR,Mobile,IN,C6600,Savings,1,1
T002082,2025-07-12 4:31:38,386.76,USD,POS,US,C5318,CreditCard,1,1
T006502,2025-08-18 13:00:10,223.1,USD,Online,US,C1444,CreditCard,3,1
T006498,2025-05-27 3:55:37,5.99,USD,POS,UK,C2943,Savings,2,1
T002609,2025-05-17 3:33:43,135.65,INR,ATM,IN,C6231,Savings,2,1
T005817,2025-03-23 23:20:51,410.37,INR,Mobile,IN,C2495,Savings,4,1
T004944,2025-04-23 4:20:25,42.84,INR,POS,IN,C7305,Savings,4,1
T009707,2025-05-25 13:26:42,400.28,USD,ATM,UK,C4998,Savings,3,1
T004162,2025-08-18 10:11:25,165.51,GBP,Online,SG,C8359,Savings,2,1
T003056,2025-07-31 14:58:56,67.03,INR,ATM,IN,C8274,Savings,1,1
T006687,2025-03-29 0:16:59,328.34,INR,Mobile,IN,C2426,Savings,0,1
T009357,2025-06-29 22:52:56,478.08,INR,Online,IN,C6705,Savings,1,1
T008582,2025-06-08 2:30:14,43.72,INR,Online,DE,C9708,Savings,2,1
T009234,2025-04-09 12:26:11,30.52,INR,ATM,UK,C3049,Savings,1,1
T000337,2025-03-14 22:30:14,1265.84,EUR,Online,IN,C2411,Business,0,1
T003514,2025-08-12 3:27:19,23.67,INR,Online,IN,C7595,Savings,5,1
T001478,2025-06-15 6:49:47,205.64,INR,Online,IN,C2023,CreditCard,1,1
T006735,2025-04-23 17:00:37,385.6,INR,Online,IN,C5933,Savings,1,1
T008344,2025-03-22 18:21:02,47.2,INR,ATM,IN,C5393,Savings,2,1
T001741,2025-05-07 8:15:22,188.2,EUR,Mobile,IN,C7317,Savings,1,1
T008165,2025-06-21 5:46:51,2.23,INR,Online,IN,C7737,Business,0,1
T006736,2025-05-31 22:10:10,55.26,INR,ATM,US,C9129,Savings,2,1
T001664,2025-03-10 9:58:54,185.67,INR,ATM,UK,C3946,CreditCard,2,1
T001117,2025-07-29 4:10:37,278.12,GBP,Mobile,IN,C3258,Business,2,1
T009463,2025-08-12 15:13:39,151.82,USD,Online,UK,C5267,Savings,2,1
T000420,2025-04-15 19:23:16,296.55,INR,Online,IN,C2531,Savings,1,1
T002137,2025-04-03 6:13:08,281.83,USD,Mobile,SG,C3546,Business,1,1
T009617,2025-08-08 3:20:04,38.17,GBP,ATM,US,C4014,Savings,0,1
T003557,2025-03-13 23:44:55,817.31,USD,ATM,IN,C5980,Savings,2,1
T008777,2025-04-19 22:50:57,392.44,USD,Online,IN,C8175,Business,3,1
T000375,2025-04-21 19:35:15,22.92,INR,ATM,IN,C9793,Business,2,1
T000052,2025-06-21 18:00:27,2.08,INR,Online,IN,C7985,CreditCard,2,1
T000990,2025-07-09 2:01:51,23.07,INR,Online,IN,C3580,Business,3,1
T007135,2025-07-20 7:26:42,171.77,INR,POS,US,C2071,Savings,6,1
T000891,2025-05-20 3:28:41,157.44,GBP,POS,UK,C8958,Savings,1,1
T002864,2025-07-20 1:18:11,85.01,GBP,Mobile,SG,C3408,Savings,0,1
T008198,2025-08-10 17:55:26,313.61,EUR,POS,US,C7608,Savings,1,1
T009421,2025-03-09 7:43:47,263.74,EUR,Online,US,C8167,Business,2,1
T000388,2025-08-21 16:40:45,195.95,INR,Wire,IN,C3587,Savings,1,1
T003200,2025-04-29 1:35:13,176.09,INR,Online,IN,C7773,Business,3,1
T003462,2025-05-07 4:50:59,41.15,INR,POS,US,C7205,Business,1,1
T001077,2025-05-26 8:59:55,146.08,INR,Online,US,C9137,Business,0,1
T002677,2025-05-15 23:39:45,141.89,INR,Mobile,SG,C2699,Savings,4,1
T008532,2025-04-22 23:15:46,199.07,INR,Mobile,UK,C8592,Savings,4,1
T003442,2025-08-01 14:01:57,377.45,INR,Online,IN,C4942,Business,2,1
T004162,2025-08-18 10:11:25,165.51,GBP,Online,SG,C8359,Savings,2,1
T005421,2025-07-12 15:31:44,62.26,INR,Online,IN,C1901,Business,0,1
T003551,2025-05-07 0:11:48,72.76,USD,Online,UK,C9057,Savings,1,1
T000944,2025-03-08 3:00:10,426.88,INR,Online,DE,C7249,Savings,5,1
T008894,2025-07-13 18:38:24,206.06,INR,Wire,IN,C2370,CreditCard,4,1
T001898,2025-07-08 1:58:19,273.61,GBP,POS,IN,C6212,Savings,2,1
T008385,2025-08-27 14:31:31,280.1,USD,Online,IN,C6099,CreditCard,4,1
T002011,2025-06-08 2:46:25,275.37,EUR,POS,US,C9187,Savings,3,1
T007123,2025-06-10 0:03:48,54.63,USD,POS,IN,C2875,Business,1,1
T000171,2025-05-10 1:41:02,112.25,INR,POS,IN,C7979,Savings,4,1
T004155,2025-06-18 7:07:38,31.76,GBP,Online,IN,C1326,Savings,1,1
T000078,2025-03-16 2:19:16,314.11,EUR,Online,AE,C8456,Business,3,1
T008916,2025-05-30 19:20:49,379.13,INR,Online,IN,C1128,Business,1,1
T002602,2025-05-14 9:37:09,63.86,GBP,Mobile,IN,C4454,Business,4,1
T006002,2025-08-26 18:08:28,538.01,USD,Mobile,UK,C4913,CreditCard,3,1
T008165,2025-06-21 5:46:51,2.23,INR,Online,IN,C7737,Business,0,1
T001107,2025-03-16 20:00:00,128.2,INR,ATM,IN,C3536,Savings,5,1
T006822,2025-08-31 3:40:37,22.09,EUR,Wire,US,C7653,Savings,2,1
T000564,2025-06-10 19:33:58,426.8,EUR,ATM,IN,C5134,Savings,0,1
T007322,2025-04-23 4:11:45,67.06,USD,POS,IN,C9807,Business,2,1
T001082,2025-07-24 1:49:00,207.51,INR,POS,US,C1168,Savings,2,1
T008925,2025-08-04 0:00:25,114.75,INR,Mobile,IN,C8769,Business,5,1
T000834,2025-05-23 22:17:55,218.98,USD,POS,IN,C7401,Savings,2,1
T009589,2025-07-28 9:36:19,30.59,INR,POS,IN,C9283,Savings,2,1
T003698,2025-04-03 10:24:22,80.15,INR,Mobile,IN,C8483,CreditCard,3,1
T007276,2025-07-05 1:40:41,112.12,EUR,POS,AE,C6010,Savings,6,1
T004762,2025-03-30 10:16:16,32.62,INR,Online,UK,C4073,Savings,3,1
T008497,2025-04-13 0:03:08,180.55,INR,ATM,US,C2734,Savings,1,1
T009259,2025-03-13 14:59:06,329.38,USD,Wire,IN,C5639,Savings,1,1
T001975,2025-05-24 10:18:35,223.41,INR,Online,IN,C7613,Savings,1,1
T004317,2025-04-16 4:14:38,148.99,INR,POS,IN,C5468,Business,3,1
T007050,2025-07-13 23:48:43,405.8,INR,Online,US,C7941,Savings,0,1
T006410,2025-06-23 12:05:52,89.76,USD,POS,UK,C2088,Savings,3,1
T002363,2025-06-25 3:40:35,297.55,INR,Online,IN,C2961,CreditCard,3,1
T006034,2025-05-12 1:40:09,139.16,USD,Online,IN,C9421,Savings,1,1
T002241,2025-06-25 6:02:01,1048.1,USD,ATM,UK,C4771,Business,8,1
T007461,2025-05-01 8:55:57,172.37,INR,Online,IN,C7012,Savings,2,1
T006450,2025-07-19 10:26:43,220.36,USD,Online,DE,C9146,Savings,1,1
T006464,2025-03-11 18:56:36,67.67,INR,Online,IN,C5160,Savings,0,1
T003448,2025-05-31 5:21:42,49.4,INR,ATM,IN,C5154,Savings,3,1
T008067,2025-08-03 5:46:23,40.15,INR,Online,IN,C7128,Savings,1,1
T006639,2025-05-30 22:08:59,8.01,INR,Online,IN,C4478,Savings,1,1
T000041,2025-08-15 14:33:56,263.66,USD,Online,SG,C8013,Savings,3,1
T009012,2025-04-07 6:22:30,773.75,INR,Mobile,DE,C1593,Savings,1,1
T000111,2025-08-09 22:46:28,87.96,USD,Online,UK,C4586,Business,1,1
T002542,2025-05-31 15:39:30,73.45,INR,Mobile,IN,C8469,Savings,0,1
T006067,2025-08-02 20:24:56,173.98,INR,POS,US,C3253,Business,3,1
T007330,2025-08-15 6:32:40,230.67,INR,Mobile,IN,C3643,Savings,3,1
T006105,2025-06-07 10:53:01,1.55,INR,Online,IN,C3290,Savings,5,1
T004693,2025-08-15 23:26:52,25.43,USD,Mobile,SG,C3999,CreditCard,2,1
T005043,2025-06-30 15:25:31,381.83,INR,Mobile,AE,C9658,Savings,4,1
T008402,2025-04-06 22:51:01,174.91,INR,Online,IN,C4730,Savings,2,1
T000488,2025-05-04 18:03:18,154.82,INR,Mobile,IN,C4447,Savings,1,1
T000587,2025-06-02 18:43:54,436.35,INR,ATM,DE,C9648,Savings,0,1
T005523,2025-03-12 3:58:32,165.93,GBP,Mobile,SG,C8655,Business,1,1
T001407,2025-04-18 14:19:45,390.43,INR,ATM,IN,C9221,Savings,0,1
T003198,2025-04-26 0:30:57,212.56,GBP,Mobile,SG,C1395,Business,1,1
T008170,2025-05-11 15:20:03,410.53,USD,ATM,IN,C1789,Savings,0,1
T008642,2025-08-11 23:53:32,153.21,INR,Online,IN,C5772,Business,3,1
T002090,2025-03-10 9:59:47,133.26,INR,Mobile,IN,C2840,CreditCard,4,1
T000468,2025-08-30 9:28:42,24.79,USD,POS,IN,C9715,Savings,2,1
T003597,2025-03-31 21:59:04,84.71,USD,POS,UK,C7379,Business,6,1
T005221,2025-05-02 16:31:12,15.14,USD,Online,US,C9762,Savings,1,1
T009186,2025-06-26 23:54:16,210.52,INR,ATM,US,C2746,Savings,1,1
T002860,2025-07-10 6:12:48,693.41,GBP,Mobile,US,C2548,Business,0,1
T003237,2025-07-16 6:23:57,3.32,INR,Online,IN,C6269,Savings,4,1
T002380,2025-08-26 11:38:50,17.7,USD,Mobile,IN,C2940,Business,1,1
T004203,2025-06-05 7:19:26,7.16,INR,ATM,IN,C1364,Savings,2,1
T009283,2025-04-11 18:33:07,234.85,INR,Online,DE,C3825,Savings,4,1
T006755,2025-04-22 12:32:10,185.83,INR,Online,US,C4054,Business,0,1
T002068,2025-05-08 8:59:26,19.15,GBP,Mobile,UK,C1385,CreditCard,2,1
T006389,2025-03-20 1:32:11,85.82,INR,POS,UK,C6049,Savings,3,1
T007794,2025-07-01 14:19:38,8.48,INR,Online,IN,C9113,Business,1,1
T004705,2025-08-24 5:09:26,99.51,GBP,Wire,UK,C8225,Savings,3,1
T003617,2025-04-09 23:34:58,78.39,INR,ATM,UK,C8433,CreditCard,1,1
T002409,2025-07-14 17:49:12,413.35,INR,POS,US,C7247,Business,2,1
T006148,2025-05-10 19:56:20,60.45,INR,POS,IN,C1489,Business,0,1
T009533,2025-05-03 0:59:04,70.4,EUR,Online,IN,C3883,Savings,3,1
T006216,2025-03-07 13:53:58,205.55,GBP,Online,IN,C6581,Savings,1,1
T003336,2025-05-07 18:27:04,62.69,GBP,Online,UK,C8774,Business,1,1
T002321,2025-07-21 7:23:33,82.15,INR,POS,US,C7796,Savings,3,1
T005547,2025-08-05 12:01:24,342.51,USD,Online,UK,C3605,Savings,0,1
T008492,2025-05-12 16:12:02,198.85,INR,ATM,US,C1365,Savings,0,1
T000694,2025-03-24 11:10:20,273.31,INR,ATM,SG,C2689,Business,4,1
T009917,2025-06-16 0:55:11,716.21,EUR,Mobile,IN,C9121,Savings,2,1
T001543,2025-08-24 6:43:32,198.66,EUR,POS,IN,C8831,Savings,1,1
T007960,2025-08-16 17:01:18,37.31,USD,ATM,US,C5128,Savings,3,1
T005501,2025-08-11 14:14:02,759.94,GBP,Online,US,C5689,Business,0,1
T000764,2025-07-05 13:52:47,87.83,USD,ATM,AE,C2705,Business,4,1
T001747,2025-08-06 23:06:20,255.16,INR,ATM,DE,C7806,Savings,1,1
T009986,2025-05-22 18:18:30,484.43,INR,ATM,IN,C1132,Savings,1,1
T003354,2025-04-18 11:20:46,79.58,INR,POS,UK,C7325,CreditCard,2,1
T000033,2025-06-29 15:47:51,76.73,USD,POS,IN,C3777,Savings,0,1
T007101,2025-07-09 1:11:54,49.33,USD,Online,US,C2468,Savings,1,1
T008578,2025-08-24 6:06:03,436.91,USD,POS,IN,C1702,CreditCard,1,1
T006870,2025-06-05 17:42:56,694.32,USD,Online,SG,C4699,Business,2,1
T003399,2025-07-29 8:05:45,70.38,INR,Online,IN,C1386,Business,4,1
T008737,2025-08-07 2:23:58,48.21,INR,Wire,US,C9446,Savings,2,1
T008720,2025-07-25 19:41:44,160.34,INR,Mobile,US,C4231,Business,4,1
T003380,2025-07-09 4:48:29,399.65,INR,POS,IN,C8807,Business,1,1
T008410,2025-06-10 12:36:59,34.72,INR,ATM,IN,C4699,Savings,3,1
T000063,2025-04-14 16:38:37,287.28,INR,Mobile,UK,C5245,Business,4,1
T006442,2025-08-14 12:15:18,164.47,EUR,Online,IN,C1606,Business,4,1
T004465,2025-06-17 3:38:40,9.88,INR,ATM,DE,C6383,Savings,1,1
T008595,2025-06-22 6:39:03,79.85,EUR,Online,DE,C9367,Savings,1,1
T001497,2025-07-23 7:25:50,536.68,INR,Mobile,IN,C6028,Savings,0,1
T004341,2025-03-18 20:38:21,81.07,USD,POS,IN,C5092,Savings,1,1
T009564,2025-03-09 17:15:03,513.26,INR,POS,AE,C9079,Savings,0,1
T000328,2025-08-30 16:39:18,31.9,INR,ATM,IN,C4689,Business,1,1
T001974,2025-04-25 6:02:38,27.37,USD,Mobile,IN,C7250,Savings,2,1
T007036,2025-08-30 3:32:25,37.21,INR,POS,IN,C4274,Savings,3,1
T005619,2025-07-17 6:29:39,164.6,INR,Mobile,US,C3605,Savings,1,1
T002011,2025-06-08 2:46:25,275.37,EUR,POS,US,C9187,Savings,3,1
T009051,2025-06-06 21:45:46,43.36,EUR,Online,SG,C5593,Savings,4,1
T006779,2025-05-12 13:23:04,417.15,EUR,Online,IN,C7414,Savings,3,1
T000799,2025-06-09 0:06:08,119.54,INR,Mobile,US,C7615,Business,0,1
T002187,2025-04-11 12:49:29,158.62,INR,Online,US,C7427,CreditCard,2,1
T000120,2025-04-23 16:14:16,175.42,INR,Mobile,AE,C8358,Business,4,1
T000815,2025-03-20 23:12:28,191.78,USD,Online,IN,C8003,Savings,1,1
T009693,2025-08-05 22:54:45,261.03,INR,Online,SG,C7920,Savings,2,1
T009258,2025-03-28 12:41:06,133.76,USD,Mobile,IN,C8018,Business,0,1
T002777,2025-05-22 16:22:13,702.83,INR,Wire,IN,C2398,Savings,1,1
T009797,2025-04-10 3:45:48,209.15,INR,ATM,IN,C3952,Savings,2,1
T006042,2025-06-16 6:13:29,124.55,GBP,ATM,IN,C4029,Savings,4,1
T008286,2025-07-22 23:55:28,367.55,INR,ATM,US,C7428,Savings,2,1
T001084,2025-04-22 22:05:30,136.59,INR,ATM,IN,C6478,CreditCard,2,1
T007321,2025-08-27 7:27:03,35.51,USD,ATM,IN,C2065,CreditCard,1,1
T005489,2025-04-26 19:18:46,283.35,INR,Online,IN,C6593,Savings,3,1
T009096,2025-07-08 10:59:16,40.3,INR,POS,US,C6089,CreditCard,1,1
T000306,2025-07-27 5:02:45,377.69,INR,ATM,US,C6184,Savings,1,1
T006753,2025-05-12 16:22:13,364.63,INR,POS,US,C2106,Savings,2,1
T007103,2025-06-07 17:33:38,70.99,GBP,Online,US,C2961,Business,1,1
T008310,2025-08-02 22:43:07,86.89,EUR,Online,IN,C4466,Savings,2,1
T001849,2025-06-24 3:43:02,58.82,USD,POS,SG,C8807,Savings,2,1
T009852,2025-08-10 16:59:47,560.83,INR,ATM,IN,C3743,Savings,1,1
T008087,2025-08-29 5:07:19,289.24,USD,POS,IN,C3386,Savings,1,1
T001815,2025-08-19 21:15:41,330.08,INR,Online,IN,C1170,Savings,2,1
T000027,2025-09-03 0:40:12,140.83,USD,Online,IN,C5252,Business,1,1
T004489,2025-07-05 0:16:44,44.23,USD,ATM,UK,C8446,Savings,1,1
T005026,2025-07-19 10:23:06,817.18,USD,Online,SG,C6113,Business,3,1
T009791,2025-04-18 7:05:13,95.44,USD,POS,IN,C4730,Savings,1,1
T001252,2025-05-09 0:41:44,226.41,GBP,Online,SG,C1169,Savings,2,1
T007381,2025-08-25 0:41:59,5.88,INR,Online,UK,C6505,Savings,4,1
T000673,2025-05-16 20:45:40,36.35,GBP,Online,UK,C4735,Savings,0,1
T004073,2025-05-07 2:53:52,276.1,USD,Online,SG,C3238,Savings,5,1
T007734,2025-07-18 7:19:27,238.46,EUR,POS,SG,C9955,Savings,1,1
T008316,2025-08-04 11:09:51,136.53,INR,Online,IN,C5707,Savings,2,1
T007709,2025-05-26 9:24:16,41.99,INR,ATM,SG,C1716,Savings,4,1
T008977,2025-05-17 12:36:25,124.81,USD,POS,IN,C7809,CreditCard,3,1
T001081,2025-07-07 22:02:33,321.17,GBP,POS,IN,C7082,Savings,5,1
T001974,2025-04-25 6:02:38,27.37,USD,Mobile,IN,C7250,Savings,2,1
T006242,2025-06-11 11:22:35,173.22,INR,Online,US,C3900,Business,0,1
T008478,2025-06-17 16:03:49,31.51,INR,Mobile,SG,C4192,Savings,1,1
T004743,2025-08-29 14:13:25,256.34,INR,Online,US,C4371,Savings,0,1
T000834,2025-05-23 22:17:55,218.98,USD,POS,IN,C7401,Savings,2,1
T003358,2025-07-31 19:17:29,114.17,USD,Online,SG,C3823,Savings,1,1
T002894,2025-05-21 13:30:37,74.78,INR,Online,IN,C1151,Business,2,1
T005257,2025-07-30 8:04:27,280.25,INR,Online,SG,C3375,CreditCard,3,1
T001757,2025-06-27 8:27:38,111.73,INR,ATM,SG,C9871,Savings,1,1
T005619,2025-07-17 6:29:39,164.6,INR,Mobile,US,C3605,Savings,1,1
T002068,2025-05-08 8:59:26,19.15,GBP,Mobile,UK,C1385,CreditCard,2,1
T002394,2025-07-31 23:46:04,248.36,EUR,Online,IN,C2395,Business,3,1
T005267,2025-03-30 12:38:15,614.56,INR,POS,SG,C6797,Savings,3,1
T005803,2025-06-08 13:50:14,298.6,INR,Mobile,SG,C3163,CreditCard,3,1
T008635,2025-05-11 17:08:42,83.52,INR,POS,US,C5741,CreditCard,4,1
T005064,2025-06-16 9:43:35,90.7,USD,Online,IN,C6114,Business,4,1
T003532,2025-08-02 5:34:05,267.42,EUR,ATM,IN,C4410,Savings,2,1
T008702,2025-07-29 23:04:41,241.63,INR,Mobile,UK,C1598,CreditCard,5,1
T005034,2025-07-25 1:51:33,91.15,USD,Mobile,US,C2549,Business,1,1
T001951,2025-06-22 3:36:32,5.38,GBP,POS,IN,C1928,Business,2,1
T009490,2025-04-19 10:46:31,228.0,EUR,Mobile,IN,C7085,Business,2,1
T007235,2025-04-22 14:51:01,321.18,INR,POS,US,C6909,Business,1,1
T003240,2025-07-26 4:04:17,350.19,INR,Mobile,DE,C1955,Business,4,1
T007318,2025-04-03 6:02:36,152.47,INR,Online,US,C9771,Savings,1,1
T000952,2025-03-11 17:31:59,115.48,EUR,POS,UK,C8814,CreditCard,2,1
T000291,2025-05-08 1:44:14,338.08,INR,Mobile,US,C8066,Savings,3,1
T000993,2025-06-07 16:40:16,90.55,GBP,Mobile,UK,C7646,Savings,1,1
T004405,2025-06-21 3:18:50,244.47,USD,POS,IN,C2317,Business,0,1
T006889,2025-07-12 15:19:28,308.0,INR,Mobile,IN,C5136,Savings,2,1
T004753,2025-08-11 9:18:42,326.17,INR,POS,IN,C6596,Savings,5,1
T002986,2025-05-06 13:35:19,323.95,INR,POS,UK,C2538,CreditCard,2,1
T006048,2025-07-31 19:29:24,89.72,INR,Online,IN,C9388,Savings,4,1
T008240,2025-08-13 4:25:34,278.77,USD,Mobile,IN,C2429,Business,0,1
T008386,2025-07-26 15:59:00,482.42,EUR,Mobile,IN,C9157,Savings,3,1
T006996,2025-08-29 4:56:03,91.53,USD,Online,IN,C5159,Business,0,1
T000467,2025-04-20 6:10:44,525.62,INR,POS,IN,C1923,Savings,1,1
T004287,2025-07-23 5:41:00,25.38,INR,Mobile,UK,C4869,Savings,2,1
T002576,2025-03-07 17:36:20,16.8,USD,Mobile,US,C8150,Savings,1,1
T008473,2025-06-02 7:04:14,179.96,USD,POS,IN,C4182,Business,4,1
T004441,2025-07-08 9:48:02,171.5,INR,ATM,IN,C7771,Savings,3,1
T002124,2025-08-07 3:57:55,15.95,USD,Online,DE,C4969,Business,3,1
T009795,2025-08-08 21:04:21,62.57,INR,POS,US,C4808,Savings,3,1
T009769,2025-07-13 14:49:54,249.79,INR,Online,US,C4223,CreditCard,0,1
T004797,2025-05-26 15:27:40,128.91,INR,Online,IN,C9695,CreditCard,0,1
T006446,2025-04-08 20:43:57,197.45,INR,Mobile,SG,C1149,CreditCard,2,1
T009388,2025-06-19 5:19:56,116.78,INR,Mobile,US,C7086,Savings,0,1
T006606,2025-05-27 16:41:29,48.19,USD,Online,US,C1348,Savings,1,1
T007466,2025-07-14 18:03:36,171.1,INR,ATM,IN,C6689,Savings,1,1
T007706,2025-07-17 18:30:55,391.13,USD,ATM,UK,C9549,Business,3,1
T004191,2025-05-13 18:55:19,199.1,EUR,Mobile,IN,C9030,Savings,2,1
T009507,2025-06-10 6:57:50,282.96,INR,ATM,US,C2229,Business,3,1
T006757,2025-05-20 14:48:15,221.66,INR,POS,IN,C8599,Business,2,1
T006579,2025-06-04 19:24:53,44.05,USD,Online,SG,C3682,Savings,3,1
T009589,2025-07-28 9:36:19,30.59,INR,POS,IN,C9283,Savings,2,1
T003012,2025-04-19 16:13:11,585.2,INR,Online,SG,C1880,Savings,1,1
T009374,2025-05-30 7:56:34,74.46,INR,POS,IN,C2284,Savings,2,1
T003138,2025-09-02 20:35:47,176.54,EUR,Online,SG,C2981,Savings,2,1
T004763,2025-05-31 22:32:51,493.4,GBP,ATM,UK,C6133,Savings,0,1
T004080,2025-06-01 4:41:27,550.87,INR,POS,UK,C7780,Savings,3,1
T000306,2025-07-27 5:02:45,377.69,INR,ATM,US,C6184,Savings,1,1
T000979,2025-08-29 3:52:00,1015.0,INR,POS,IN,C9246,CreditCard,7,1
T007400,2025-03-15 16:57:39,124.41,USD,Online,US,C9167,Savings,1,1
T000132,2025-05-03 15:17:56,33.52,EUR,Online,US,C6935,Savings,0,1
T005921,2025-05-23 7:10:14,43.2,INR,ATM,IN,C3191,Business,1,1
T006188,2025-07-10 4:00:01,352.04,INR,Online,IN,C1335,Savings,6,1
T001894,2025-03-10 1:12:52,191.45,INR,POS,US,C1015,Business,1,1
T007706,2025-07-17 18:30:55,391.13,USD,ATM,UK,C9549,Business,3,1
T000186,2025-05-02 3:15:22,65.19,INR,POS,DE,C5482,Business,0,1
T003113,2025-08-10 8:24:25,108.11,INR,Online,US,C3674,Savings,2,1
T001326,2025-06-09 14:50:32,109.29,USD,Mobile,IN,C2352,CreditCard,0,1
T000275,2025-09-02 10:55:52,200.15,INR,POS,US,C1262,Savings,4,1
T006769,2025-07-03 9:04:41,252.12,INR,Online,DE,C1275,Business,1,1
T009281,2025-07-22 1:53:04,80.1,GBP,Mobile,US,C7141,Business,2,1
T005887,2025-06-20 14:22:22,220.52,INR,ATM,IN,C2674,Savings,0,1
T005652,2025-06-28 11:05:28,279.9,INR,Online,IN,C2103,Business,3,1
T000438,2025-05-03 18:20:52,125.34,INR,ATM,SG,C1618,Business,0,1
T004219,2025-08-15 17:37:28,67.71,USD,Wire,IN,C7470,Savings,1,1
T002773,2025-06-12 15:43:35,45.28,INR,ATM,IN,C7617,Savings,4,1
T000661,2025-07-16 4:28:09,476.76,USD,Online,IN,C3380,Savings,1,1
T008318,2025-08-28 11:29:39,30.74,INR,Online,IN,C5943,Business,1,1
T000514,2025-06-06 13:30:45,277.86,INR,Mobile,US,C4281,CreditCard,3,1
T003548,2025-04-30 19:19:22,173.39,INR,Mobile,DE,C6024,Savings,2,1
T003624,2025-04-23 0:21:08,561.22,GBP,POS,IN,C8184,Savings,1,1
T006746,2025-03-28 22:50:23,125.16,INR,Online,SG,C6638,Savings,3,1
T001687,2025-07-22 16:31:26,193.44,USD,ATM,UK,C4363,Savings,1,1
T003838,2025-06-02 0:45:09,26.21,INR,POS,SG,C3179,Business,4,1
T008659,2025-05-14 7:02:44,83.86,INR,Online,SG,C9884,Savings,1,1
T009965,2025-08-19 10:09:39,109.88,EUR,Online,AE,C1579,Business,2,1
T001950,2025-07-04 5:11:52,343.62,EUR,ATM,US,C2902,CreditCard,2,1
T000806,2025-03-21 10:58:52,273.87,INR,Online,UK,C2641,Savings,1,1
T009970,2025-07-08 18:49:57,411.18,INR,Online,DE,C2721,Business,1,1
T006573,2025-07-13 13:14:07,548.92,EUR,POS,IN,C8954,Savings,0,1
T002145,2025-03-13 22:45:31,46.88,USD,Online,IN,C1524,Savings,2,1
T006173,2025-04-12 17:41:41,139.55,INR,POS,IN,C5324,Savings,1,1
T001253,2025-08-13 15:16:47,509.82,INR,Mobile,SG,C8857,Business,2,1
T007520,2025-05-20 14:00:44,118.46,GBP,POS,US,C2418,Savings,2,1
T005542,2025-07-20 3:27:16,758.84,USD,Online,IN,C8225,CreditCard,4,1
T002174,2025-05-11 17:35:18,18.32,INR,ATM,US,C2535,Savings,2,1
T007909,2025-04-20 20:56:38,90.64,INR,Online,UK,C3132,Business,1,1
T006973,2025-07-19 0:14:58,182.33,USD,ATM,SG,C9932,CreditCard,2,1
T009483,2025-03-19 15:29:32,456.48,INR,Mobile,US,C5583,CreditCard,2,1
T003336,2025-05-07 18:27:04,62.69,GBP,Online,UK,C8774,Business,1,1
T006599,2025-04-14 0:23:16,7.83,EUR,Online,IN,C3812,Savings,5,1
T006657,2025-05-21 23:23:31,25.81,EUR,Mobile,IN,C9851,Savings,4,1
T004143,2025-07-22 6:29:52,169.61,INR,Mobile,IN,C1844,Business,1,1
T009552,2025-06-13 4:44:43,105.1,EUR,POS,DE,C6442,Savings,1,1
T000016,2025-06-04 12:19:57,57.59,INR,Online,SG,C1164,Business,2,1
T008105,2025-07-12 19:01:43,238.12,USD,Mobile,IN,C5412,Savings,4,1
T001361,2025-04-28 9:57:04,135.7,USD,POS,IN,C1739,Savings,3,1
T009159,2025-07-28 11:22:15,20.45,INR,Mobile,SG,C2934,Business,1,1
T006997,2025-04-06 0:50:39,77.02,INR,Online,IN,C2308,Business,2,1
T009903,2025-05-27 3:06:16,14.94,INR,POS,US,C4091,CreditCard,2,1
T002465,2025-08-05 13:33:56,414.97,INR,Mobile,US,C8081,Savings,2,1
T000759,2025-08-07 20:05:09,114.1,INR,ATM,IN,C8229,Savings,5,1
T005639,2025-08-29 8:26:54,175.37,USD,POS,SG,C4465,Savings,1,1
T009539,2025-04-11 20:33:14,66.37,INR,Online,IN,C4515,Business,5,1
T002104,2025-08-14 2:19:52,147.61,USD,POS,IN,C3000,Savings,2,1
T006685,2025-05-16 5:05:19,114.84,USD,Online,IN,C5051,CreditCard,2,1
T003305,2025-05-07 15:11:27,24.19,USD,ATM,IN,C1801,Business,2,1
T001477,2025-03-17 18:46:45,589.94,GBP,Mobile,IN,C6228,CreditCard,2,1
T002781,2025-05-04 21:43:28,373.83,INR,Online,UK,C1012,Savings,4,1
T002470,2025-08-02 0:46:05,162.37,GBP,ATM,IN,C9527,Savings,1,1
T006063,2025-03-07 12:57:11,326.85,GBP,Mobile,IN,C4518,Savings,1,1
T005415,2025-05-06 18:31:55,195.31,USD,Mobile,IN,C3149,Savings,0,1
T001885,2025-04-03 7:26:05,25.86,USD,Mobile,DE,C6960,CreditCard,3,1
T002076,2025-05-29 15:53:35,140.77,INR,Wire,SG,C5157,Savings,1,1
T001607,2025-07-06 5:41:03,213.58,USD,Mobile,SG,C4265,Business,2,1
T005709,2025-06-06 13:56:51,215.69,EUR,Online,US,C6981,Savings,1,1
T005148,2025-08-24 5:40:18,334.48,INR,Mobile,IN,C8739,Business,1,1
T001886,2025-03-09 9:44:59,90.69,INR,ATM,IN,C7175,Business,1,1
T004374,2025-06-13 20:10:15,10.49,GBP,POS,IN,C4461,Savings,4,1
T007275,2025-04-19 6:02:27,343.88,INR,Online,US,C9517,Business,2,1
T007861,2025-04-18 4:08:40,163.9,INR,ATM,IN,C4007,Savings,0,1
T004814,2025-07-12 13:45:20,383.26,EUR,Online,IN,C2185,Savings,1,1
T007847,2025-08-27 6:13:31,473.21,INR,Mobile,SG,C5196,Business,3,1
T000392,2025-06-25 17:59:30,127.64,USD,POS,US,C1050,Savings,4,1
T000824,2025-04-14 8:58:24,881.21,INR,ATM,US,C9238,Savings,1,1
T007128,2025-03-23 6:34:15,122.4,INR,Online,UK,C8583,Savings,0,1
T002827,2025-06-30 0:18:09,1000.71,INR,ATM,IN,C5347,Savings,2,1
T003733,2025-05-05 8:31:55,217.35,USD,ATM,IN,C8920,Savings,2,1
T000604,2025-05-04 7:27:58,58.35,EUR,Mobile,US,C1778,Savings,0,1
T001938,2025-05-30 10:03:38,63.42,EUR,ATM,IN,C5113,Business,2,1
T005121,2025-07-09 21:25:04,165.68,INR,Online,SG,C3757,Savings,3,1
T000255,2025-08-11 8:33:35,43.48,INR,Mobile,IN,C7228,Business,0,1
T004325,2025-08-25 11:47:12,26.23,USD,Online,AE,C2029,Savings,2,1
T008777,2025-04-19 22:50:57,392.44,USD,Online,IN,C8175,Business,3,1
T005244,2025-06-01 21:24:22,1.66,INR,Online,SG,C9602,Savings,2,1
T002896,2025-07-22 1:31:03,133.88,INR,ATM,IN,C5936,Business,1,1
T005131,2025-03-15 5:15:22,152.57,INR,ATM,IN,C6102,Savings,0,1
T009355,2025-05-25 22:14:36,180.36,INR,ATM,SG,C1765,Savings,2,1
T007730,2025-08-13 16:39:26,69.06,INR,POS,IN,C8209,CreditCard,1,1
T008207,2025-07-16 15:37:52,199.71,INR,Online,US,C2579,Savings,1,1
T001723,2025-04-11 10:39:00,337.42,INR,Online,IN,C5251,Savings,3,1
T009210,2025-08-05 16:00:24,92.21,INR,Online,IN,C7485,Savings,1,1
T009808,2025-06-25 12:57:10,40.13,INR,Online,US,C6564,Business,2,1
T001472,2025-04-28 0:28:39,336.1,INR,Mobile,AE,C3042,Savings,2,1
T009295,2025-08-08 13:53:58,184.25,GBP,Online,AE,C2070,Business,1,1
T000780,2025-08-02 6:08:41,50.29,USD,POS,IN,C3804,CreditCard,3,1
T005598,2025-05-27 1:33:20,34.27,INR,Mobile,US,C2132,Business,1,1
T000987,2025-07-27 19:27:53,92.08,GBP,Online,US,C5073,Business,4,1
T009447,2025-06-07 3:13:12,22.29,INR,Mobile,US,C2437,Savings,1,1
T000666,2025-03-17 18:06:50,103.31,INR,Online,IN,C9025,Business,2,1
T002012,2025-05-28 12:00:48,245.08,INR,Online,SG,C5024,Savings,3,1
T003147,2025-06-05 17:00:03,530.69,INR,ATM,IN,C5267,Business,2,1
T005514,2025-04-30 2:16:53,210.08,INR,POS,IN,C8905,Savings,4,1
T002880,2025-06-06 7:00:16,338.64,GBP,Online,IN,C8326,Savings,2,1
T008900,2025-09-01 5:39:30,39.34,INR,ATM,IN,C1443,CreditCard,3,1
T006368,2025-05-14 8:57:34,189.08,USD,Mobile,IN,C5041,Business,3,1
T004167,2025-06-24 7:27:06,57.87,INR,ATM,AE,C9759,Savings,3,1
T000647,2025-05-25 23:56:15,157.13,EUR,ATM,UK,C4645,Savings,1,1
T002772,2025-08-18 18:07:59,219.07,USD,POS,UK,C3958,Savings,2,1
T004233,2025-05-21 18:59:08,69.88,INR,Wire,SG,C5435,Savings,0,1
T000176,2025-04-09 20:46:48,20.51,INR,Mobile,UK,C9631,Business,1,1
T005051,2025-08-30 4:10:12,140.49,INR,Mobile,US,C6905,CreditCard,3,1
T004407,2025-04-30 2:47:16,437.99,INR,Online,IN,C9527,CreditCard,2,1
T004686,2025-08-05 15:29:20,75.71,INR,Mobile,SG,C7456,CreditCard,2,1
T005839,2025-03-12 8:18:49,312.15,INR,POS,SG,C5718,CreditCard,2,1
T004559,2025-03-16 11:13:52,285.2,USD,ATM,SG,C9875,CreditCard,0,1
T009182,2025-08-15 20:39:37,159.31,GBP,Mobile,IN,C1280,Savings,3,1
T007497,2025-08-12 11:26:28,36.84,INR,ATM,IN,C9549,Business,4,1
T002050,2025-07-11 6:46:00,205.67,INR,ATM,US,C7736,Business,4,1
T004739,2025-05-08 20:19:33,0.08,INR,ATM,IN,C6410,Savings,1,1
T004614,2025-06-21 7:06:50,34.83,GBP,POS,US,C5661,Business,2,1
T007325,2025-03-29 5:44:43,122.46,INR,POS,IN,C2719,Business,1,1
T006093,2025-04-01 23:41:31,13.43,INR,Online,UK,C9802,Savings,3,1
T001798,2025-04-19 22:19:46,636.58,INR,Mobile,IN,C1065,Savings,0,1
T004051,2025-07-21 7:50:33,21.24,EUR,Mobile,IN,C5497,Savings,1,1
T004077,2025-05-19 11:59:38,342.34,INR,Online,IN,C2712,Savings,4,1
T004393,2025-03-19 20:30:07,158.07,INR,POS,IN,C3383,Savings,2,1
T006320,2025-04-01 3:04:38,296.22,USD,Mobile,DE,C5718,Savings,2,1
T001172,2025-03-31 19:11:21,334.85,INR,POS,US,C4944,CreditCard,4,1
T008727,2025-06-04 18:01:15,312.22,INR,POS,SG,C2872,Savings,2,1
T007273,2025-07-20 6:51:51,324.92,INR,Mobile,SG,C1575,Savings,3,1
T003453,2025-07-12 20:31:07,391.11,INR,Online,SG,C5102,Savings,0,1
T009892,2025-03-13 16:25:40,153.1,INR,Online,IN,C8784,Savings,1,1
T005412,2025-06-21 17:04:30,21.51,INR,ATM,IN,C9447,Savings,1,1
T005559,2025-07-10 4:05:30,35.62,INR,ATM,DE,C5191,CreditCard,0,1
T004393,2025-03-19 20:30:07,158.07,INR,POS,IN,C3383,Savings,2,1
T000840,2025-06-25 21:16:20,262.11,INR,Mobile,US,C4150,Business,1,1
T006650,2025-06-30 23:36:41,112.48,INR,Mobile,US,C5491,CreditCard,3,1
T003637,2025-06-27 2:21:16,57.04,INR,POS,AE,C8941,Savings,3,1
T006404,2025-03-16 4:29:32,257.36,INR,Online,UK,C6531,Savings,1,1
T001957,2025-07-27 1:52:41,148.25,EUR,POS,UK,C1094,Savings,2,1
T002692,2025-05-30 3:08:18,157.23,INR,Online,IN,C6287,Savings,2,1
T008813,2025-07-27 21:24:44,410.59,INR,ATM,AE,C7748,CreditCard,2,1
T001869,2025-06-05 22:38:43,143.31,EUR,POS,SG,C4544,Savings,1,1
T005261,2025-07-20 5:45:25,15.97,USD,Online,IN,C5334,Savings,3,1
T007280,2025-03-31 7:05:08,362.91,INR,POS,IN,C3886,Business,3,1
T009637,2025-05-17 0:04:09,6.12,INR,POS,IN,C8720,Savings,1,1
T004518,2025-08-01 20:54:28,111.48,INR,Online,US,C7520,Savings,1,1
T000995,2025-03-23 19:02:39,558.34,GBP,Wire,SG,C7217,CreditCard,1,1
T004170,2025-04-29 7:30:44,465.24,INR,Mobile,IN,C2883,Savings,2,1
T004257,2025-07-05 10:46:01,670.22,INR,Online,IN,C5496,Savings,1,1
T001729,2025-08-22 2:06:29,300.74,INR,Wire,IN,C8042,Savings,0,1
T004768,2025-06-23 18:58:12,124.85,USD,Online,IN,C3888,Savings,2,1
T000742,2025-03-08 7:51:11,275.02,USD,ATM,IN,C5173,Savings,1,1
T002181,2025-06-15 5:45:49,101.67,INR,Online,IN,C8075,Savings,4,1
T007758,2025-06-24 3:42:57,21.09,GBP,Online,UK,C6545,CreditCard,0,1
T003451,2025-07-21 19:57:33,81.71,INR,ATM,SG,C4342,Business,4,1
T005768,2025-05-11 10:36:20,35.15,USD,Mobile,IN,C3166,Savings,4,1
T004712,2025-05-08 0:18:17,25.54,INR,POS,UK,C9169,Business,2,1
T007291,2025-06-20 11:36:55,61.9,INR,Mobile,IN,C6292,Savings,1,1
T000136,2025-03-22 13:24:45,390.47,USD,ATM,IN,C7017,Savings,4,1
T008497,2025-04-13 0:03:08,180.55,INR,ATM,US,C2734,Savings,1,1
T004187,2025-06-13 6:47:16,4.57,INR,Online,US,C7356,Savings,2,1
T008981,2025-08-09 4:22:34,141.35,INR,Wire,SG,C6463,Business,3,1
T002682,2025-08-30 0:20:10,21.46,USD,POS,US,C7176,Business,2,1
T004905,2025-05-07 7:31:13,362.93,INR,POS,IN,C4832,Savings,3,1
T002516,2025-06-06 7:33:13,487.4,INR,Mobile,SG,C5289,Business,2,1
T008107,2025-06-10 17:48:01,196.11,INR,Online,AE,C7596,Savings,2,1
T005273,2025-08-28 17:03:38,58.0,INR,Online,SG,C2158,Business,2,1
T006087,2025-05-20 5:13:38,140.56,USD,Mobile,UK,C5164,Savings,1,1
T001559,2025-07-29 20:11:49,82.31,INR,Wire,SG,C5529,Business,3,1
T002242,2025-07-15 2:22:05,81.44,EUR,Mobile,SG,C1218,Business,1,1
T007151,2025-06-22 12:42:46,371.03,INR,POS,SG,C9145,Savings,6,1
T004943,2025-07-05 4:18:59,73.59,INR,Online,US,C4992,Business,1,1
T008795,2025-04-19 0:11:15,6.86,INR,Online,SG,C7520,Business,1,1
T000826,2025-09-01 1:28:41,70.76,INR,POS,IN,C3598,CreditCard,2,1
T002562,2025-06-29 23:14:12,62.56,GBP,POS,DE,C1114,Business,3,1
T002902,2025-06-07 2:05:59,427.87,GBP,Online,IN,C5240,Business,2,1
T006515,2025-03-18 16:18:18,6.22,INR,POS,US,C4705,CreditCard,1,1
T000822,2025-04-16 14:14:41,18.91,GBP,Mobile,US,C8839,Savings,2,1
T001449,2025-04-03 0:30:40,100.59,INR,POS,DE,C4947,Savings,2,1
T002744,2025-05-21 13:41:54,112.32,INR,POS,IN,C3015,Savings,0,1
T004463,2025-06-17 12:31:04,326.29,GBP,ATM,IN,C2202,Business,1,1
T003961,2025-06-19 13:36:43,32.94,GBP,Online,IN,C7689,Business,1,1
T006103,2025-07-24 22:17:03,204.47,INR,POS,US,C3179,Business,0,1
T004540,2025-08-01 4:04:55,261.34,INR,Wire,IN,C9303,Savings,2,1
T007199,2025-05-17 13:15:10,52.63,INR,Mobile,SG,C7151,Savings,1,1
T005082,2025-08-28 16:12:38,38.18,INR,ATM,IN,C2439,Business,2,1
T007277,2025-03-26 16:04:57,91.25,USD,POS,IN,C5459,Savings,2,1
T007338,2025-06-07 19:15:43,307.58,USD,POS,UK,C1738,Savings,5,1
T009936,2025-07-20 16:40:19,31.33,INR,Mobile,IN,C6337,Savings,1,1
T002047,2025-05-06 13:32:20,532.52,INR,Online,US,C1527,Savings,5,1
T006435,2025-03-13 3:04:49,353.14,INR,POS,AE,C7809,Savings,1,1
T000020,2025-07-22 7:55:26,68.17,INR,Online,UK,C4128,Business,2,1
T004249,2025-06-04 16:00:04,251.77,INR,Online,AE,C5548,Savings,4,1
T000349,2025-07-20 17:19:05,43.97,INR,ATM,US,C6717,Business,1,1
T006259,2025-03-21 22:03:11,233.62,INR,Mobile,SG,C9966,Savings,0,1
T004648,2025-05-10 6:19:47,195.24,GBP,ATM,IN,C3421,Savings,1,1
T001937,2025-03-11 17:40:41,75.05,INR,ATM,US,C2434,Savings,1,1
T008585,2025-08-15 6:04:12,324.32,GBP,Mobile,IN,C9629,Savings,2,1
T009650,2025-06-06 4:25:55,86.09,INR,Mobile,IN,C4177,Savings,3,1
T008618,2025-08-09 0:12:33,49.04,INR,Mobile,US,C8425,Savings,3,1
T001118,2025-07-22 23:17:43,116.92,INR,Online,IN,C7955,Business,1,1
T005271,2025-08-12 12:14:02,353.19,EUR,Mobile,UK,C5701,Business,1,1
T003207,2025-03-24 6:41:03,95.7,GBP,Online,IN,C3337,Savings,2,1
T002881,2025-04-19 8:52:51,23.32,INR,POS,US,C9715,Business,3,1
T003320,2025-03-31 0:03:41,1.56,INR,Online,UK,C4819,Savings,0,1
T008634,2025-06-27 19:35:13,109.77,EUR,Online,IN,C6417,Business,3,1
T003474,2025-06-17 23:12:12,94.06,USD,POS,US,C1436,CreditCard,2,1
T000634,2025-04-20 10:22:31,8.8,INR,Online,IN,C6171,Business,3,1
T004086,2025-04-01 12:33:51,57.03,INR,ATM,US,C4886,CreditCard,3,1
T003490,2025-07-06 5:48:29,154.16,INR,POS,UK,C4409,Savings,2,1
T007661,2025-06-07 14:04:50,26.5,INR,ATM,SG,C6006,Savings,2,1
T001224,2025-08-30 1:24:13,63.81,USD,POS,UK,C3708,Savings,2,1
T007110,2025-09-01 22:42:24,282.07,INR,Online,UK,C4698,Savings,1,1
T003843,2025-03-14 13:58:51,388.8,USD,POS,SG,C7055,Savings,0,1
T003275,2025-06-09 11:57:14,89.88,INR,POS,IN,C2055,CreditCard,1,1
T005787,2025-06-15 18:07:12,320.25,INR,ATM,IN,C5885,CreditCard,3,1
T005582,2025-09-02 3:50:15,78.39,GBP,POS,IN,C9152,Savings,3,1
T004056,2025-07-06 23:26:37,375.07,USD,ATM,AE,C1780,Savings,3,1
T005305,2025-04-16 14:53:58,64.82,USD,POS,IN,C5734,Business,3,1
T004057,2025-03-20 17:26:30,358.71,EUR,POS,IN,C5298,CreditCard,5,1
T000560,2025-03-23 6:03:07,111.76,USD,ATM,IN,C5310,Savings,0,1
T005397,2025-08-29 2:03:35,167.66,INR,POS,US,C5120,Business,3,1
T006056,2025-08-05 7:34:00,508.12,USD,POS,US,C8724,Business,3,1
T004392,2025-06-04 8:14:58,35.39,INR,POS,IN,C5310,CreditCard,0,1
T002834,2025-05-31 10:27:31,50.32,USD,POS,SG,C6993,Business,2,1
T008578,2025-08-24 6:06:03,436.91,USD,POS,IN,C1702,CreditCard,1,1
T003821,2025-07-10 2:48:19,251.69,INR,Online,US,C8632,Savings,2,1
T002941,2025-05-27 22:29:28,98.26,INR,ATM,IN,C9138,Savings,4,1
T003367,2025-03-15 19:06:49,932.8,INR,POS,UK,C7160,Savings,2,1
T002636,2025-04-20 20:06:30,517.14,GBP,Mobile,UK,C4542,CreditCard,5,1
T002428,2025-04-04 2:25:38,425.88,GBP,Mobile,SG,C1229,Savings,1,1
T003741,2025-08-29 2:47:55,511.93,INR,Online,US,C7079,CreditCard,1,1
T000346,2025-04-07 12:45:55,283.43,USD,Mobile,IN,C8784,Savings,2,1
T001036,2025-05-10 8:09:54,107.53,INR,Mobile,US,C2786,Savings,0,1
T009427,2025-06-06 10:33:08,66.84,INR,Mobile,US,C2847,Savings,0,1
T005009,2025-04-17 17:04:45,13.31,INR,POS,IN,C4859,Savings,1,1
T006014,2025-07-18 21:15:44,294.28,INR,POS,IN,C1256,Savings,3,1
T001357,2025-04-16 5:00:24,4.96,USD,POS,IN,C4064,Savings,1,1
T006753,2025-05-12 16:22:13,364.63,INR,POS,US,C2106,Savings,2,1
T004080,2025-06-01 4:41:27,550.87,INR,POS,UK,C7780,Savings,3,1
T007926,2025-06-25 21:02:44,4.64,USD,ATM,US,C5013,Savings,3,1
T006334,2025-08-25 19:43:58,58.55,USD,Mobile,US,C8186,Savings,0,1
T002621,2025-05-24 10:46:33,13.16,USD,POS,UK,C7035,Savings,1,1
T009456,2025-03-14 17:41:51,34.77,USD,Online,SG,C7466,Savings,5,1
T005362,2025-07-25 5:12:32,9.05,INR,POS,DE,C4149,Savings,1,1
T009370,2025-06-24 10:09:28,2.81,INR,Online,IN,C2584,Savings,2,1
T004109,2025-05-01 8:58:27,763.76,USD,POS,SG,C2616,CreditCard,2,1
T004657,2025-07-18 15:49:58,19.89,INR,POS,IN,C5469,Savings,4,1
T009807,2025-05-21 3:31:42,221.36,INR,ATM,UK,C1645,CreditCard,3,1
T007763,2025-06-24 1:16:34,341.91,INR,Mobile,US,C6953,CreditCard,4,1
T000508,2025-08-07 23:41:48,17.16,INR,Wire,IN,C8367,Business,1,1
T008380,2025-03-29 10:02:48,55.1,INR,ATM,UK,C7868,Savings,2,1
T009226,2025-05-28 0:40:38,174.43,INR,POS,IN,C6247,Savings,5,1
T005571,2025-09-01 12:37:15,524.04,INR,ATM,IN,C2623,Savings,2,1
T002424,2025-04-27 4:28:41,50.22,INR,Mobile,UK,C1511,Business,2,1
T001917,2025-06-06 10:00:03,48.28,INR,POS,IN,C7130,Savings,2,1
T007229,2025-05-14 13:16:35,226.32,EUR,Mobile,US,C8076,CreditCard,1,1
T002384,2025-07-21 11:41:40,204.56,INR,Online,IN,C4853,Savings,2,1
T009187,2025-08-06 23:40:40,111.31,INR,POS,IN,C1181,Savings,0,1
T002518,2025-08-29 22:23:53,296.23,INR,POS,IN,C6031,Business,2,1
T001506,2025-06-16 10:17:25,73.21,INR,ATM,US,C5021,Business,3,1
T004887,2025-07-18 5:23:21,7.93,INR,Online,UK,C6581,Savings,3,1
T001461,2025-07-16 0:38:23,114.43,USD,POS,UK,C6036,Savings,3,1
T008523,2025-07-07 21:42:39,176.82,INR,Mobile,IN,C2043,Savings,3,1
T008743,2025-03-20 22:04:13,1.07,INR,Online,IN,C5951,Savings,8,1
T005425,2025-07-07 22:18:07,143.62,INR,Wire,IN,C8544,Business,0,1
T004024,2025-06-22 0:11:33,319.85,USD,Mobile,DE,C2192,Savings,1,1
T001985,2025-06-27 8:21:39,658.44,EUR,Wire,IN,C5981,Savings,2,1
T006594,2025-05-07 23:34:08,258.0,GBP,Online,IN,C3679,Savings,3,1
T001178,2025-06-12 20:53:30,107.27,INR,Online,DE,C8173,Savings,0,1
T009777,2025-04-28 9:53:39,104.5,INR,Mobile,IN,C5644,Business,2,1
T003862,2025-08-20 17:59:20,102.26,INR,POS,US,C3037,Business,0,1
T009761,2025-03-19 10:22:59,79.37,USD,Wire,IN,C2719,Business,0,1
